ground_temperature,air_temperature,surface_temperature(mod),bottom_temperature
-19.32,-8.68,-19.32,-19.32
-18.13,-8.51,-18.13,-18.13
-12.74,-5.98,-12.74,-12.74
-8.99,-5.82,-8.99,-8.99
-5.14,-3.41,-5.14,-5.14
-3.41,-0.63,-3.41,-3.41
-3.05,-0.61,-3.05,-3.05
-2.96,-0.47,-2.96,-2.96
-3.45,0.0,-3.45,-3.45
-5.91,0.32,-5.91,-5.91
-9.81,-2.65,-9.81,-9.81
-13.54,-3.7,-13.54,-13.54
-13.85,-4.93,-13.85,-13.85
-14.48,-4.96,-14.48,-14.48
-14.83,-5.48,-14.83,-14.83
-15.32,-7.73,-15.32,-15.32
-15.03,-9.0,-15.03,-15.03
-16.36,-9.72,-16.36,-16.36
-16.71,-10.95,-16.71,-16.71
-17.41,-12.13,-17.41,-17.41
-16.98,-12.86,-16.98,-16.98
-16.17,-13.04,-16.17,-16.17
-16.95,-10.24,-16.95,-16.95
-16.22,-10.48,-16.22,-16.22
-16.96,-10.56,-16.96,-16.96
-16.61,-7.37,-16.61,-16.61
-12.25,-10.65,-12.25,-12.25
-8.61,-10.06,-8.61,-8.61
-6.09,-7.87,-6.09,-6.09
-5.61,-4.07,-5.61,-5.61
-3.6,-3.17,-3.6,-3.6
-4.44,-3.42,-4.44,-4.44
-5.14,-2.29,-5.14,-5.14
-7.35,-2.56,-7.35,-7.35
-10.24,-5.58,-10.24,-10.24
-12.88,-6.34,-12.88,-12.88
-13.25,-7.67,-13.25,-13.25
-13.96,-7.86,-13.96,-13.96
-13.16,-7.55,-13.16,-13.16
-12.3,-9.21,-12.3,-12.3
-12.44,-9.09,-12.44,-12.44
-12.0,-9.47,-12.0,-12.0
-13.14,-10.0,-13.14,-13.14
-12.95,-9.52,-13.467,-12.95
-13.39,-10.32,-14.183,-13.39
-12.66,-9.4,-12.51,-12.66
-12.86,-11.16,-13.738,-12.86
-12.66,-11.05,-13.196,-12.66
-12.68,-10.71,-17.519,-12.68
-11.73,-10.37,-19.442,-11.73
-10.02,-5.57,-9.525,-10.02
-7.86,-6.2,-6.911,-7.86
-5.06,-5.67,-7.608,-5.06
-1.93,-2.68,0.0,-1.93
-3.71,-2.56,-1.841,-3.71
-3.08,-4.65,-3.835,-3.08
-4.45,-4.81,-4.124,-4.45
-1.588,-4.12,0.0,-1.588
-8.769,-5.91,-7.545,-8.769
-11.98,-6.8,-22.729,-11.98
-13.02,-7.32,-29.354,-13.02
-12.37,-7.85,-30.865,-12.37
-13.19,-8.47,-31.042,-13.19
-12.09,-10.18,-32.293,-12.09
-12.29,-11.01,-32.304,-12.29
-12.19,-11.5,-32.975,-12.19
-12.74,-11.82,-32.05,-12.74
-13.12,-11.48,-27.523,-13.12
-12.55,-11.57,-23.621,-12.55
-14.07,-11.77,-20.514,-14.07
-13.44,-11.97,-21.73,-13.44
-14.43,-12.59,-18.119,-14.43
-14.53,-12.62,-16.939,-14.53
-14.03,-12.08,-16.261,-14.03
-11.53,-6.52,-11.442,-11.53
-8.837,-5.0,-1.976,-8.837
-6.873,-3.83,-4.268,-6.873
-4.682,-1.0,-1.902,-4.682
-4.088,-0.93,-1.379,-4.088
-3.921,-0.64,-1.41,-3.921
-5.6,0.14,-1.029,-5.6
-8.511,0.11,-6.582,-8.511
-10.91,-2.86,-3.157,-10.91
-24.484,-3.77,-25.548,-24.484
-14.77,-5.14,-25.477,-14.77
-15.6,-5.25,-25.255,-15.6
-15.78,-6.13,-24.302,-15.78
-16.39,-7.03,-25.515,-16.39
-15.77,-7.11,-24.04,-15.77
-16.5,-8.41,-24.771,-16.5
-15.94,-9.31,-26.03,-15.94
-15.43,-10.05,-26.972,-15.43
-16.04,-11.09,-28.169,-16.04
-15.63,-11.93,-26.881,-15.63
-15.87,-10.67,-31.342,-15.87
-15.66,-10.52,-26.191,-15.66
-16.28,-10.58,-22.871,-16.28
-16.23,-8.41,-20.665,-16.23
-11.75,-6.55,-14.047,-11.75
-8.69,-5.1,-6.088,-8.69
-7.128,-2.8,-4.262,-7.128
-4.951,-0.32,-1.049,-4.951
-4.271,-0.92,-1.258,-4.271
-1.591,1.16,0.0,-1.591
-4.718,-2.87,-3.083,-4.718
-6.024,-3.01,-2.767,-6.024
-7.97,-5.75,-9.054,-7.97
-13.09,-6.55,-20.031,-13.09
-12.54,-9.01,-28.914,-12.54
-13.07,-7.93,-29.244,-13.07
-12.14,-9.07,-30.543,-12.14
-12.51,-10.27,-30.821,-12.51
-13.17,-10.79,-29.988,-13.17
-13.16,-11.34,-26.023,-13.16
-12.91,-11.05,-22.02,-12.91
-13.2,-11.02,-20.935,-13.2
-14.01,-11.43,-21.32,-14.01
-13.28,-11.01,-17.513,-13.28
-12.74,-10.72,-15.216,-12.74
-14.43,-10.36,-14.995,-14.43
-15.2,-11.07,-15.358,-15.2
-13.95,-11.25,-16.774,-13.95
-12.67,-8.62,-12.001,-12.67
-9.17,-8.37,-8.614,-9.17
-5.98,-7.17,-7.297,-5.98
-4.811,-3.61,-4.098,-4.811
-3.329,-2.74,-3.262,-3.329
-4.785,-2.15,-2.79,-4.785
-5.061,-0.98,-2.096,-5.061
-9.036,-0.92,-2.286,-9.036
-10.11,-3.56,-7.753,-10.11
-14.3,-4.89,-17.936,-14.3
-15.08,-8.06,-24.666,-15.08
-15.37,-9.1,-25.377,-15.37
-16.46,-10.1,-23.936,-16.46
-16.76,-11.48,-22.46,-16.76
-17.45,-9.59,-20.745,-17.45
-18.22,-10.07,-20.96,-18.22
-18.23,-10.31,-19.418,-18.23
-18.22,-11.8,-18.743,-18.22
-18.28,-13.09,-18.675,-18.28
-19.02,-12.48,-17.548,-19.02
-18.84,-12.65,-20.502,-18.84
-19.1,-13.71,-22.304,-19.1
-18.88,-14.03,-23.062,-18.88
-19.57,-14.18,-21.608,-19.57
-15.21,-12.12,-15.923,-15.21
-12.2,-8.99,-8.989,-12.2
-9.12,-6.5,-7.617,-9.12
-6.44,-2.42,-3.775,-6.44
-6.022,-0.62,-2.507,-6.022
-6.29,-0.01,-2.249,-6.29
-7.806,2.0,-1.161,-7.806
-8.98,1.49,-10.4,-8.98
-12.56,-1.87,-7.328,-12.56
-16.83,-5.06,-15.431,-16.83
-17.09,-7.24,-20.32,-17.09
-17.93,-7.35,-19.213,-17.93
-18.37,-8.46,-17.252,-18.37
-18.78,-9.63,-16.404,-18.78
-19.48,-10.26,-16.176,-19.48
-19.99,-11.09,-16.989,-19.99
-20.04,-11.9,-17.767,-20.04
-20.07,-11.94,-17.927,-20.07
-20.01,-13.92,-25.6,-20.01
-20.27,-12.4,-23.147,-20.27
-20.82,-20.92,-24.527,-20.82
-21.09,-21.16,-25.907,-21.09
-21.29,-22.32,-26.896,-21.29
-20.51,-22.0,-26.256,-20.51
-16.33,-15.44,-18.642,-16.33
-12.3,-13.5,-14.003,-12.3
-9.17,-9.03,-9.902,-9.17
-6.46,-3.26,-4.867,-6.46
-6.051,-0.8,-2.976,-6.051
-5.312,-0.01,-1.931,-5.312
-7.198,2.26,-0.715,-7.198
-8.45,1.83,-2.578,-8.45
-12.56,-2.63,-6.28,-12.56
-16.95,-4.88,-15.371,-16.95
-17.06,-7.77,-22.186,-17.06
-16.53,-8.08,-24.003,-16.53
-16.91,-9.29,-25.051,-16.91
-17.51,-10.47,-26.514,-17.51
-17.44,-10.4,-24.895,-17.44
-17.76,-10.69,-25.109,-17.76
-17.01,-10.89,-25.788,-17.01
-18.65,-10.97,-26.094,-18.65
-16.94,-12.22,-26.619,-16.94
-16.56,-12.54,-24.167,-16.56
-17.73,-12.0,-21.347,-17.73
-16.77,-12.24,-24.106,-16.77
-15.61,-12.12,-26.537,-15.61
-15.75,-12.37,-22.02,-15.75
-12.3,-9.24,-17.528,-12.3
-8.81,-8.78,-10.382,-8.81
-7.55,-6.94,-7.697,-7.55
-4.903,-3.0,-3.902,-4.903
-2.219,-2.27,-2.849,-2.219
-3.216,-1.71,-1.991,-3.216
-5.656,-0.73,-2.658,-5.656
-6.96,-0.25,-2.058,-6.96
-8.55,-3.55,-8.532,-8.55
-13.79,-5.15,-15.335,-13.79
-14.77,-7.54,-23.603,-14.77
-14.91,-7.5,-23.391,-14.91
-15.76,-9.0,-22.208,-15.76
-16.22,-10.39,-23.133,-16.22
-17.01,-11.28,-24.483,-17.01
-17.49,-11.38,-25.213,-17.49
-18.0,-11.33,-27.92,-18.0
-17.84,-11.93,-26.619,-17.84
-18.11,-12.73,-26.729,-18.11
-18.56,-12.95,-22.755,-18.56
-17.77,-14.09,-18.081,-17.77
-17.77,-15.45,-20.557,-17.77
-18.29,-15.64,-23.274,-18.29
-16.07,-14.08,-22.86,-16.07
-12.86,-11.4,-18.328,-12.86
-9.38,-9.01,-11.322,-9.38
-6.41,-7.0,-9.116,-6.41
-4.34,-2.14,-5.644,-4.34
-3.29,-1.02,-5.338,-3.29
-2.442,-0.72,-4.11,-2.442
-4.748,0.23,-3.067,-4.748
-6.69,0.15,-3.328,-6.69
-10.43,-2.33,-5.725,-10.43
-15.24,-2.99,-16.548,-15.24
-15.72,-6.08,-22.907,-15.72
-16.34,-8.05,-24.072,-16.34
-16.97,-9.27,-21.218,-16.97
-17.63,-10.56,-19.584,-17.63
-18.27,-11.69,-18.865,-18.27
-18.86,-12.38,-18.52,-18.86
-19.46,-12.89,-18.42,-19.46
-19.91,-12.92,-18.525,-19.91
-20.16,-13.96,-18.879,-20.16
-20.01,-14.47,-19.794,-20.01
-20.69,-14.39,-20.794,-20.69
-21.24,-14.45,-22.181,-21.24
-21.34,-14.75,-21.607,-21.34
-20.67,-13.83,-20.042,-20.67
-16.34,-13.47,-16.659,-16.34
-11.63,-9.91,-10.521,-11.63
-7.83,-7.4,-8.408,-7.83
-5.09,-2.81,-4.376,-5.09
-3.917,-0.73,-2.319,-3.917
-3.99,-0.14,-1.594,-3.99
-3.094,1.07,0.0,-3.094
-8.481,1.11,0.0,-8.481
-12.41,-2.73,-5.292,-12.41
-17.48,-4.43,-14.786,-17.48
-18.06,-8.29,-19.406,-18.06
-18.67,-9.44,-19.517,-18.67
-19.27,-10.88,-18.983,-19.27
-19.83,-12.01,-19.858,-19.83
-20.36,-12.74,-19.679,-20.36
-20.93,-13.32,-19.506,-20.93
-21.26,-13.94,-20.128,-21.26
-21.61,-13.78,-19.539,-21.61
-21.4,-15.14,-20.462,-21.4
-21.5,-15.48,-21.315,-21.5
-21.97,-16.25,-23.509,-21.97
-22.03,-16.88,-23.269,-22.03
-22.08,-17.19,-22.752,-22.08
-21.72,-17.11,-22.53,-21.72
-17.33,-15.17,-18.571,-17.33
-12.04,-11.92,-11.685,-12.04
-7.89,-9.53,-9.866,-7.89
-5.12,-3.4,-3.992,-5.12
-3.279,-0.79,-5.004,-3.279
-2.853,-0.32,-3.864,-2.853
-1.89,0.62,0.0,-1.89
-7.306,0.38,0.0,-7.306
-11.74,-2.88,-3.939,-11.74
-16.8,-5.12,-9.683,-16.8
-17.19,-8.19,-12.791,-17.19
-17.59,-8.8,-13.747,-17.59
-18.0,-10.05,-14.76,-18.0
-18.3,-11.45,-15.118,-18.3
-18.84,-11.53,-15.518,-18.84
-19.29,-11.71,-15.379,-19.29
-19.54,-12.05,-15.426,-19.54
-19.61,-12.44,-15.802,-19.61
-19.6,-12.9,-16.026,-19.6
-19.79,-13.05,-16.232,-19.79
-20.47,-12.89,-15.82,-20.47
-20.58,-13.28,-15.973,-20.58
-19.83,-12.84,-15.696,-19.83
-18.88,-9.54,-12.938,-18.88
-14.15,-8.77,-8.259,-14.15
-4.073,-7.47,0.0,-4.073
0.0,-5.3,0.0,0.0
-3.15,0.53,-3.15,-3.15
-1.1,0.45,-1.1,-1.1
-1.26,0.29,-1.26,-1.26
-2.47,1.68,-2.47,-2.47
-4.27,2.66,-4.27,-4.27
-8.64,0.68,-8.64,-8.64
-13.57,0.18,-13.57,-13.57
-14.23,-2.52,-14.23,-14.23
-14.04,-4.47,-14.04,-14.04
-14.73,-6.58,-14.73,-14.73
-15.49,-7.57,-15.49,-15.49
-15.94,-7.65,-15.94,-15.94
-16.22,-8.98,-16.22,-16.22
-16.25,-8.84,-16.25,-16.25
-16.93,-8.78,-16.93,-16.93
-17.79,-9.15,-17.79,-17.79
-17.82,-8.7,-17.82,-17.82
-18.23,-10.15,-18.23,-18.23
-17.7,-10.38,-17.7,-17.7
-17.77,-11.03,-17.77,-17.77
-15.96,-11.34,-15.96,-15.96
-11.68,-8.4,-11.68,-11.68
-7.09,-5.91,-7.09,-7.09
-3.32,-3.24,-3.32,-3.32
-1.54,0.24,-1.54,-1.54
-1.52,2.68,-1.52,-1.52
-1.61,-2.04,-1.61,-1.61
-2.49,-1.17,-2.49,-2.49
-5.07,-1.06,-5.07,-5.07
-7.65,-4.29,-7.65,-7.65
-11.69,-5.29,-11.69,-11.69
-11.62,-6.14,-11.62,-11.62
-12.59,-7.0,-12.59,-12.59
-13.12,-7.4,-13.12,-13.12
-12.67,-9.33,-12.67,-12.67
-11.2,-9.83,-11.2,-11.2
-11.4,-10.13,-11.4,-11.4
-11.78,-9.89,-11.78,-11.78
-12.14,-9.58,-12.339,-12.14
-11.37,-10.06,-13.337,-11.37
-11.66,-9.79,-13.296,-11.66
-11.41,-8.63,-10.481,-11.41
-11.94,-7.82,-9.924,-11.94
-12.09,-7.33,-12.947,-12.09
-12.96,-6.86,-17.286,-12.96
-8.13,-4.93,-14.74,-8.13
-4.7,-5.52,-8.921,-4.7
-3.12,-5.3,-4.516,-3.12
0.0,-3.61,-1.364,0.0
0.0,-3.4,-1.068,0.0
0.0,-2.93,-1.556,0.0
0.0,-1.82,-0.954,0.0
0.0,-1.54,-0.964,0.0
0.0,-3.45,-5.306,0.0
0.0,-4.13,-13.656,0.0
0.0,-5.74,-18.066,0.0
0.0,-5.13,-20.334,0.0
0.0,-5.42,-20.15,0.0
0.0,-6.1,-20.825,0.0
0.0,-7.28,-21.445,0.0
0.0,-7.88,-20.778,0.0
0.0,-8.77,-22.31,0.0
-5.686,-8.6,-26.993,-5.686
-11.77,-9.13,-29.267,-11.77
-11.8,-9.04,-28.003,-11.8
-10.37,-8.82,-24.884,-10.37
-12.05,-8.83,-24.222,-12.05
-12.13,-8.22,-23.966,-12.13
-11.02,-8.53,-25.944,-11.02
-8.12,-8.3,-21.205,-8.12
-5.93,-8.06,-10.321,-5.93
-4.78,-8.03,-7.246,-4.78
-4.03,-6.49,-4.871,-4.03
-4.46,-5.75,-4.127,-4.46
-4.5,-5.72,-3.884,-4.5
-5.21,-5.85,-5.231,-5.21
-4.64,-5.84,-5.408,-4.64
-6.08,-6.85,-9.856,-6.08
-6.79,-5.96,-14.267,-6.79
-7.38,-6.42,-15.846,-7.38
-7.6,-6.39,-19.699,-7.6
-8.28,-6.92,-22.826,-8.28
-7.52,-7.36,-23.963,-7.52
-8.42,-7.55,-26.264,-8.42
-7.91,-7.44,-26.923,-7.91
-7.91,-7.87,-29.9,-7.91
-7.72,-7.66,-30.788,-7.72
-8.17,-7.62,-29.956,-8.17
-8.71,-7.76,-30.817,-8.71
-9.35,-7.66,-31.262,-9.35
-9.14,-7.47,-30.284,-9.14
-10.36,-7.49,-30.744,-10.36
-10.32,-7.42,-30.091,-10.32
-7.57,-6.42,-23.86,-7.57
-6.63,-7.86,-20.375,-6.63
-4.87,-7.73,-10.872,-4.87
-4.35,-5.82,-4.906,-4.35
-4.06,-5.41,-5.077,-4.06
-4.52,-5.2,-4.339,-4.52
-5.14,-4.68,-3.531,-5.14
-6.0,-5.08,-3.53,-6.0
-7.27,-7.27,-8.015,-7.27
-9.15,-6.46,-14.372,-9.15
-9.85,-7.16,-18.674,-9.85
-9.07,-7.49,-24.271,-9.07
-9.49,-8.31,-23.298,-9.49
-9.47,-8.56,-23.648,-9.47
-9.62,-8.82,-24.003,-9.62
-10.31,-9.23,-25.727,-10.31
-10.74,-9.13,-29.093,-10.74
-11.64,-9.3,-27.585,-11.64
-11.0,-9.62,-25.17,-11.0
-11.22,-9.9,-24.331,-11.22
-10.81,-9.93,-27.572,-10.81
-10.53,-9.61,-26.429,-10.53
-10.56,-9.55,-23.487,-10.56
-11.8,-8.73,-13.535,-11.8
-11.68,-8.28,-11.831,-11.68
-9.99,-8.26,-8.796,-9.99
-8.34,-8.29,-8.397,-8.34
-6.77,-6.07,-5.728,-6.77
-6.58,-4.45,-2.907,-6.58
-5.86,-4.39,-4.516,-5.86
-7.14,-3.5,-3.852,-7.14
-9.07,-3.9,-4.314,-9.07
-11.89,-5.83,-5.6,-11.89
-15.47,-7.86,-11.294,-15.47
-15.78,-10.37,-14.228,-15.78
-16.36,-10.82,-14.621,-16.36
-17.1,-11.71,-15.392,-17.1
-17.66,-12.84,-17.52,-17.66
-17.78,-14.05,-19.012,-17.78
-17.74,-14.85,-19.425,-17.74
-18.54,-15.39,-19.618,-18.54
-18.38,-15.81,-21.138,-18.38
-18.69,-15.87,-23.992,-18.69
-18.99,-15.82,-25.311,-18.99
-19.75,-13.96,-21.291,-19.75
-18.73,-13.75,-19.393,-18.73
-19.02,-13.24,-19.623,-19.02
-19.38,-12.53,-18.126,-19.38
-16.39,-12.33,-15.62,-16.39
-13.77,-12.21,-12.935,-13.77
-11.67,-10.5,-11.322,-11.67
-10.14,-7.06,-7.053,-10.14
-8.94,-5.58,-6.171,-8.94
-9.01,-5.27,-5.456,-9.01
-10.12,-4.07,-4.944,-10.12
-12.05,-3.33,-4.645,-12.05
-14.6,-5.93,-7.186,-14.6
-17.43,-7.29,-11.677,-17.43
-17.06,-8.68,-13.683,-17.06
-15.43,-8.52,-14.742,-15.43
-15.39,-9.03,-16.011,-15.39
-14.71,-10.77,-20.358,-14.71
-14.44,-10.85,-22.219,-14.44
-14.21,-11.05,-23.079,-14.21
-14.19,-11.16,-21.506,-14.19
-13.92,-11.38,-24.874,-13.92
-13.36,-11.79,-27.062,-13.36
-13.33,-11.33,-27.379,-13.33
-13.18,-10.03,-23.759,-13.18
-12.65,-9.86,-22.184,-12.65
-13.81,-9.81,-24.179,-13.81
-13.11,-9.33,-22.488,-13.11
-9.97,-8.91,-17.027,-9.97
-9.03,-9.0,-11.541,-9.03
-7.01,-7.95,-7.544,-7.01
-5.94,-6.1,-5.325,-5.94
-5.11,-5.32,-4.638,-5.11
-5.06,-5.06,-4.218,-5.06
-5.7,-4.75,-3.793,-5.7
-6.88,-5.64,-4.673,-6.88
-8.87,-7.32,-10.87,-8.87
-11.1,-7.26,-13.168,-11.1
-11.56,-7.49,-16.819,-11.56
-10.95,-8.19,-19.996,-10.95
-9.87,-8.45,-19.184,-9.87
-10.96,-10.12,-20.362,-10.96
-12.04,-8.73,-17.608,-12.04
-11.67,-9.22,-17.232,-11.67
-12.73,-9.08,-17.486,-12.73
-14.07,-9.38,-14.217,-14.07
-14.31,-11.33,-24.116,-14.31
-14.94,-10.85,-27.449,-14.94
-14.93,-11.75,-18.118,-14.93
-16.49,-11.94,-18.095,-16.49
-16.94,-12.56,-18.981,-16.94
-16.58,-11.98,-17.593,-16.58
-13.79,-8.81,-11.773,-13.79
-11.07,-8.63,-8.236,-11.07
-9.1,-8.22,-7.858,-9.1
-8.34,-5.31,-5.03,-8.34
-7.98,-2.51,-3.08,-7.98
-7.82,-1.54,-2.391,-7.82
-8.91,-0.62,-1.342,-8.91
-10.61,0.06,-1.222,-10.61
-13.43,-3.79,-5.107,-13.43
-15.91,-5.12,-11.236,-15.91
-17.31,-6.87,-15.303,-17.31
-17.61,-7.03,-15.068,-17.61
-17.21,-8.17,-16.482,-17.21
-16.02,-9.05,-13.311,-16.02
-14.94,-10.25,-14.634,-14.94
-15.98,-10.55,-19.082,-15.98
-15.65,-10.67,-21.004,-15.65
-14.79,-10.49,-26.349,-14.79
-14.97,-11.2,-28.628,-14.97
-14.3,-8.33,-26.82,-14.3
-15.32,-16.03,-29.122,-15.32
-15.47,-16.17,-30.831,-15.47
-15.2,-16.09,-31.247,-15.2
-15.53,-15.99,-31.385,-15.53
-13.1,-11.65,-21.905,-13.1
-10.25,-10.3,-12.026,-10.25
-8.19,-9.54,-11.369,-8.19
-6.27,-5.91,-8.006,-6.27
-5.91,-4.95,-6.387,-5.91
-6.13,-5.16,-6.424,-6.13
-5.83,-3.43,-4.528,-5.83
-7.72,-4.21,-5.58,-7.72
-10.08,-6.41,-7.261,-10.08
-12.25,-6.14,-8.564,-12.25
-12.46,-6.7,-10.547,-12.46
-13.15,-6.05,-11.692,-13.15
-11.99,-6.87,-14.597,-11.99
-12.27,-8.72,-17.69,-12.27
-13.49,-9.46,-17.815,-13.49
-11.78,-9.06,-22.208,-11.78
-11.95,-9.58,-26.19,-11.95
-12.31,-9.45,-29.879,-12.31
-12.14,-9.41,-31.077,-12.14
-11.12,-9.34,-30.129,-11.12
-12.17,-9.73,-26.721,-12.17
-11.55,-9.6,-27.439,-11.55
-13.06,-10.05,-28.692,-13.06
-11.79,-8.64,-25.283,-11.79
-10.03,-7.4,-16.648,-10.03
-8.24,-8.14,-9.633,-8.24
-6.58,-7.59,-8.63,-6.58
-5.66,-5.53,-6.243,-5.66
-5.15,-5.4,-5.908,-5.15
-5.03,-5.53,-5.754,-5.03
-4.68,-5.24,-5.277,-4.68
-6.54,-5.54,-5.36,-6.54
-9.27,-6.56,-5.875,-9.27
-11.55,-6.31,-8.866,-11.55
-11.55,-6.53,-13.338,-11.55
-10.48,-6.85,-15.677,-10.48
-10.66,-7.42,-17.232,-10.66
-10.52,-8.22,-17.626,-10.52
-11.04,-9.39,-16.761,-11.04
-11.11,-9.63,-17.327,-11.11
-9.63,-9.75,-22.278,-9.63
-11.29,-9.38,-31.644,-11.29
-10.96,-9.42,-30.75,-10.96
-11.98,-9.95,-34.326,-11.98
-11.17,-9.87,-32.871,-11.17
-11.47,-9.56,-30.544,-11.47
-11.04,-9.36,-32.136,-11.04
-11.43,-9.27,-30.284,-11.43
-10.04,-8.08,-18.653,-10.04
-7.75,-7.52,-6.768,-7.75
-6.18,-7.05,-5.635,-6.18
-5.51,-5.16,-3.948,-5.51
-5.11,-2.68,-1.57,-5.11
-5.55,-2.32,-1.207,-5.55
-5.95,-2.16,-0.826,-5.95
-6.5,-2.7,-1.48,-6.5
-7.89,-3.86,-3.562,-7.89
-11.82,-3.47,-11.371,-11.82
-11.89,-3.46,-15.009,-11.89
-11.94,-4.51,-15.456,-11.94
-10.97,-5.18,-14.667,-10.97
-10.41,-6.57,-15.766,-10.41
-11.22,-6.22,-16.057,-11.22
-11.73,-6.6,-13.118,-11.73
-11.33,-6.4,-18.826,-11.33
-11.24,-7.36,-19.496,-11.24
-12.27,-8.22,-23.856,-12.27
-13.02,-8.47,-24.059,-13.02
-11.01,-8.1,-26.461,-11.01
-11.17,-7.84,-26.547,-11.17
-11.77,-7.38,-26.027,-11.77
-11.21,-6.87,-25.012,-11.21
-10.02,-5.56,-15.944,-10.02
-8.02,-6.16,-5.974,-8.02
-6.19,-6.76,-4.914,-6.19
-5.67,-5.43,-3.623,-5.67
-4.69,-4.11,-2.38,-4.69
-4.83,-4.2,-2.425,-4.83
-5.37,-3.51,-2.076,-5.37
-6.93,-3.33,-1.848,-6.93
-9.49,-4.12,-3.985,-9.49
-11.98,-1.38,-8.223,-11.98
-11.67,-7.6,-17.615,-11.67
-11.4,-6.54,-16.889,-11.4
-11.78,-7.22,-18.682,-11.78
-10.63,-8.6,-22.279,-10.63
-10.9,-9.27,-24.783,-10.9
-10.97,-9.65,-29.907,-10.97
-10.04,-9.47,-33.286,-10.04
-10.38,-9.56,-31.49,-10.38
-9.46,-11.1,-33.316,-9.46
-9.79,-10.42,-32.891,-9.79
-11.41,-10.05,-27.242,-11.41
-11.89,-9.38,-27.434,-11.89
-12.04,-8.99,-26.832,-12.04
-11.82,-7.97,-25.477,-11.82
-10.0,-6.76,-17.158,-10.0
-8.46,-7.03,-6.395,-8.46
-6.75,-7.82,-6.977,-6.75
-5.29,-6.15,-5.218,-5.29
-5.53,-6.2,-4.971,-5.53
-5.28,-5.39,-4.193,-5.28
-5.46,-4.51,-3.366,-5.46
-7.72,-3.93,-2.935,-7.72
-9.58,-5.0,-3.76,-9.58
-13.83,-5.24,-8.648,-13.83
-15.12,-7.07,-16.511,-15.12
-15.14,-7.66,-20.512,-15.14
-14.72,-7.95,-25.793,-14.72
-13.87,-9.1,-27.743,-13.87
-13.0,-9.52,-28.708,-13.0
-13.85,-11.7,-26.262,-13.85
-13.18,-12.71,-26.549,-13.18
-14.46,-13.07,-27.254,-14.46
-15.39,-13.48,-28.027,-15.39
-14.98,-13.02,-25.08,-14.98
-15.43,-12.67,-17.802,-15.43
-14.42,-12.08,-17.688,-14.42
-13.26,-11.89,-18.765,-13.26
-13.46,-10.36,-16.207,-13.46
-11.62,-8.8,-14.877,-11.62
-9.54,-8.98,-9.638,-9.54
-7.36,-7.91,-6.835,-7.36
-7.04,-5.69,-6.169,-7.04
-6.17,-5.26,-4.442,-6.17
-6.48,-5.04,-2.966,-6.48
-8.01,-4.94,-2.204,-8.01
-9.04,-4.35,-2.285,-9.04
-12.88,-6.29,-4.655,-12.88
-14.58,-6.8,-6.991,-14.58
-16.47,-9.04,-10.26,-16.47
-16.87,-10.03,-12.647,-16.87
-17.03,-11.14,-13.83,-17.03
-17.38,-11.86,-17.075,-17.38
-16.2,-12.75,-17.447,-16.2
-16.22,-12.95,-18.799,-16.22
-16.4,-12.9,-19.494,-16.4
-15.59,-13.15,-21.519,-15.59
-14.91,-12.82,-27.609,-14.91
-14.78,-13.47,-28.886,-14.78
-15.31,-13.88,-26.023,-15.31
-15.75,-13.39,-25.163,-15.75
-15.8,-13.1,-27.158,-15.8
-14.65,-12.84,-27.293,-14.65
-12.88,-11.78,-17.15,-12.88
-10.47,-11.18,-10.005,-10.47
-7.96,-10.06,-8.41,-7.96
-6.76,-6.25,-4.676,-6.76
-5.59,-6.02,-4.763,-5.59
-6.15,-5.91,-4.661,-6.15
-6.83,-5.07,-3.775,-6.83
-8.6,-4.7,-3.507,-8.6
-10.25,-6.85,-5.16,-10.25
-14.23,-6.57,-7.209,-14.23
-15.88,-8.96,-12.154,-15.88
-15.24,-9.4,-16.879,-15.24
-15.72,-9.26,-19.356,-15.72
-14.74,-9.81,-21.771,-14.74
-14.93,-9.89,-24.529,-14.93
-13.33,-9.84,-22.865,-13.33
-12.9,-10.16,-27.075,-12.9
-13.39,-9.62,-28.124,-13.39
-13.49,-9.92,-29.045,-13.49
-13.68,-10.03,-29.09,-13.68
-13.36,-9.07,-28.78,-13.36
-13.36,-9.34,-26.682,-13.36
-13.49,-9.6,-26.469,-13.49
-13.41,-9.85,-25.937,-13.41
-10.43,-9.6,-16.22,-10.43
-8.73,-8.82,-7.061,-8.73
-6.85,-8.78,-6.416,-6.85
-5.25,-6.49,-4.154,-5.25
-5.07,-6.0,-5.298,-5.07
-4.67,-5.72,-4.954,-4.67
-5.17,-5.07,-4.104,-5.17
-5.98,-4.97,-3.947,-5.98
-6.92,-6.55,-6.997,-6.92
-11.0,-6.68,-10.448,-11.0
-12.95,-6.75,-13.577,-12.95
-12.0,-6.34,-13.549,-12.0
-12.41,-7.52,-14.033,-12.41
-10.79,-7.92,-16.098,-10.79
-11.2,-8.35,-20.2,-11.2
-10.05,-8.31,-19.306,-10.05
-10.65,-8.34,-19.446,-10.65
-9.91,-8.39,-23.705,-9.91
-10.17,-9.4,-27.837,-10.17
-11.26,-9.03,-27.977,-11.26
-10.44,-8.47,-27.403,-10.44
-11.32,-7.95,-27.88,-11.32
-11.62,-8.39,-29.937,-11.62
-11.66,-7.92,-27.424,-11.66
-8.98,-6.86,-17.693,-8.98
-7.0,-6.68,-6.487,-7.0
-5.9,-7.11,-5.614,-5.9
-4.97,-7.01,-5.382,-4.97
-4.43,-6.71,-5.139,-4.43
-4.07,-6.66,-5.191,-4.07
-4.26,-6.6,-5.039,-4.26
-4.83,-6.86,-5.758,-4.83
-6.59,-6.01,-6.457,-6.59
-9.62,-6.14,-9.0,-9.62
-10.27,-5.57,-11.542,-10.27
-9.77,-5.4,-12.128,-9.77
-9.37,-6.37,-11.288,-9.37
-8.39,-7.02,-11.841,-8.39
-8.21,-7.43,-13.187,-8.21
-8.31,-7.72,-16.064,-8.31
-8.7,-7.81,-17.778,-8.7
-8.74,-7.12,-16.542,-8.74
-8.56,-7.04,-19.76,-8.56
-8.07,-6.81,-22.551,-8.07
-8.28,-7.38,-26.855,-8.28
-8.86,-7.03,-24.399,-8.86
-8.24,-6.16,-20.957,-8.24
-8.9,-5.91,-18.63,-8.9
-7.05,-6.36,-15.925,-7.05
-6.47,-7.19,-9.053,-6.47
-4.83,-7.79,-6.331,-4.83
-3.89,-6.01,-4.28,-3.89
-3.51,-5.58,-4.158,-3.51
-3.06,-5.45,-4.199,-3.06
-4.55,-5.05,-4.023,-4.55
-4.96,-4.92,-3.887,-4.96
-5.88,-5.52,-6.331,-5.88
-8.93,-5.44,-7.95,-8.93
-9.26,-4.48,-8.515,-9.26
-8.08,-4.49,-8.565,-8.08
-7.19,-4.78,-12.2,-7.19
-8.1,-6.63,-13.634,-8.1
-8.22,-6.91,-17.348,-8.22
-8.48,-7.6,-23.077,-8.48
-7.89,-7.2,-24.748,-7.89
-7.86,-7.03,-27.664,-7.86
-8.12,-7.0,-30.934,-8.12
-8.04,-6.82,-29.515,-8.04
-7.59,-7.01,-29.117,-7.59
-7.99,-6.82,-29.421,-7.99
-8.9,-6.89,-28.291,-8.9
-7.75,-6.76,-27.551,-7.75
-7.54,-6.67,-19.649,-7.54
-5.97,-7.38,-10.929,-5.97
-5.93,-7.92,-7.229,-5.93
-4.92,-7.19,-6.09,-4.92
-3.64,-6.98,-5.909,-3.64
-4.0,-5.96,-4.685,-4.0
-4.47,-5.76,-4.4,-4.47
-4.6,-5.24,-4.237,-4.6
-5.81,-7.34,-8.071,-5.81
-6.92,-7.06,-9.81,-6.92
-6.98,-7.13,-20.241,-6.98
-8.16,-6.33,-18.357,-8.16
-7.32,-6.52,-23.116,-7.32
-7.43,-6.92,-19.65,-7.43
-7.02,-6.74,-15.373,-7.02
-8.06,-6.64,-22.377,-8.06
-7.46,-6.74,-23.014,-7.46
-7.64,-6.91,-27.692,-7.64
-7.11,-7.09,-27.364,-7.11
-7.3,-7.07,-27.235,-7.3
-6.78,-6.91,-26.857,-6.78
-7.48,-7.12,-24.473,-7.48
-8.36,-6.72,-16.163,-8.36
-8.73,-6.98,-12.941,-8.73
-6.12,-6.83,-13.912,-6.12
-5.5,-7.18,-8.238,-5.5
-5.48,-7.61,-6.553,-5.48
-4.63,-6.42,-5.189,-4.63
-4.29,-6.66,-5.307,-4.29
-4.4,-6.69,-5.334,-4.4
-4.66,-6.29,-5.132,-4.66
-6.76,-5.6,-4.615,-6.76
-6.08,-7.09,-7.756,-6.08
-9.76,-7.4,-10.943,-9.76
-11.14,-8.25,-12.641,-11.14
-9.73,-8.26,-11.102,-9.73
-10.74,-8.25,-10.9,-10.74
-9.63,-8.44,-11.49,-9.63
-9.67,-8.07,-11.316,-9.67
-10.74,-8.51,-12.119,-10.74
-11.13,-8.64,-12.36,-11.13
-11.74,-9.69,-12.869,-11.74
-11.79,-10.85,-13.431,-11.79
-11.08,-11.29,-13.749,-11.08
-11.78,-10.04,-13.251,-11.78
-11.68,-10.74,-16.019,-11.68
-12.06,-10.6,-14.418,-12.06
-11.85,-10.2,-11.461,-11.85
-9.16,-9.73,-14.003,-9.16
-8.17,-8.72,-8.059,-8.17
-6.01,-8.21,-7.755,-6.01
-4.77,-7.27,-6.645,-4.77
-4.85,-7.06,-6.332,-4.85
-4.41,-6.68,-5.902,-4.41
-5.4,-5.84,-4.818,-5.4
-4.71,-5.85,-4.715,-4.71
-7.02,-7.62,-8.174,-7.02
-8.69,-7.53,-9.629,-8.69
-9.76,-7.48,-10.762,-9.76
-10.12,-6.86,-11.329,-10.12
-9.83,-6.85,-10.417,-9.83
-9.51,-6.29,-10.413,-9.51
-9.47,-7.34,-11.987,-9.47
-9.78,-7.19,-12.674,-9.78
-10.28,-7.48,-12.455,-10.28
-10.08,-7.86,-14.408,-10.08
-9.59,-7.81,-16.166,-9.59
-9.47,-7.74,-16.091,-9.47
-8.83,-7.86,-12.353,-8.83
-9.21,-7.5,-11.876,-9.21
-10.07,-8.21,-12.22,-10.07
-9.64,-8.14,-11.511,-9.64
-8.83,-7.14,-9.767,-8.83
-7.0,-7.72,-8.153,-7.0
-5.77,-6.88,-5.583,-5.77
-4.68,-5.65,-4.709,-4.68
-4.09,-5.24,-4.407,-4.09
-3.77,-5.11,-4.282,-3.77
-4.47,-4.91,-3.857,-4.47
-4.43,-4.98,-3.649,-4.43
-6.15,-6.51,-6.828,-6.15
-7.19,-6.84,-9.506,-7.19
-7.23,-6.32,-9.322,-7.23
-6.98,-5.87,-9.848,-6.98
-7.14,-6.3,-10.217,-7.14
-6.71,-6.83,-20.338,-6.71
-7.02,-6.57,-21.617,-7.02
-7.47,-6.97,-15.845,-7.47
-7.63,-6.71,-13.386,-7.63
-7.46,-6.57,-15.031,-7.46
-7.71,-6.84,-17.415,-7.71
-7.97,-7.18,-15.132,-7.97
-8.29,-7.81,-19.227,-8.29
-7.72,-8.12,-22.554,-7.72
-8.13,-7.49,-13.763,-8.13
-8.39,-7.09,-11.872,-8.39
-6.93,-6.57,-12.316,-6.93
-6.77,-6.56,-7.183,-6.77
-5.03,-6.7,-6.108,-5.03
-4.45,-5.41,-4.239,-4.45
-3.84,-5.34,-4.357,-3.84
-3.32,-5.47,-4.255,-3.32
-3.45,-5.18,-4.062,-3.45
-4.86,-5.45,-3.985,-4.86
-5.19,-5.81,-6.466,-5.19
-7.64,-5.74,-7.485,-7.64
-6.64,-5.3,-7.893,-6.64
-6.34,-5.56,-14.829,-6.34
-6.7,-6.52,-24.393,-6.7
-6.56,-6.56,-22.353,-6.56
-6.75,-6.84,-24.519,-6.75
-6.42,-6.9,-19.77,-6.42
-7.85,-6.52,-15.073,-7.85
-7.76,-6.89,-17.2,-7.76
-7.68,-6.64,-20.993,-7.68
-7.52,-6.54,-20.205,-7.52
-8.83,-7.64,-15.832,-8.83
-8.27,-7.91,-13.963,-8.27
-8.97,-7.78,-11.63,-8.97
-9.03,-7.62,-11.398,-9.03
-7.57,-7.09,-11.224,-7.57
-6.88,-7.02,-7.057,-6.88
-5.74,-7.29,-5.659,-5.74
-4.66,-5.24,-4.079,-4.66
-3.52,-5.0,-4.034,-3.52
-3.65,-5.03,-4.953,-3.65
-3.67,-4.88,-5.298,-3.67
-5.61,-4.89,-5.963,-5.61
-5.66,-5.84,-7.435,-5.66
-8.1,-5.75,-8.02,-8.1
-7.31,-5.3,-8.217,-7.31
-6.97,-5.45,-8.999,-6.97
-7.56,-6.21,-9.211,-7.56
-7.07,-6.35,-14.304,-7.07
-7.23,-6.8,-13.173,-7.23
-7.78,-6.92,-11.718,-7.78
-7.74,-7.21,-18.296,-7.74
-7.39,-7.13,-19.807,-7.39
-7.8,-7.73,-23.837,-7.8
-8.94,-7.67,-12.68,-8.94
-9.16,-8.33,-14.555,-9.16
-8.19,-8.36,-18.998,-8.19
-9.08,-8.17,-11.155,-9.08
-8.05,-8.08,-15.787,-8.05
-6.9,-7.02,-14.261,-6.9
-5.7,-6.59,-7.705,-5.7
-4.8,-6.43,-6.023,-4.8
-4.31,-4.26,-3.969,-4.31
-3.64,-4.04,-4.363,-3.64
-3.59,-3.69,-4.191,-3.59
-3.54,-3.43,-4.119,-3.54
-4.49,-3.2,-3.325,-4.49
-5.2,-4.98,-5.878,-5.2
-7.25,-5.04,-8.111,-7.25
-8.55,-5.43,-9.998,-8.55
-8.06,-5.83,-12.207,-8.06
-8.87,-6.3,-11.4,-8.87
-8.86,-7.47,-13.466,-8.86
-8.12,-7.9,-14.645,-8.12
-9.03,-8.66,-13.903,-9.03
-9.8,-8.77,-12.824,-9.8
-11.91,-9.19,-12.747,-11.91
-11.82,-10.95,-14.478,-11.82
-12.61,-11.46,-15.117,-12.61
-14.45,-12.4,-14.723,-14.45
-14.44,-13.9,-16.254,-14.44
-14.45,-13.9,-16.175,-14.45
-13.6,-13.09,-15.349,-13.6
-11.61,-10.7,-12.314,-11.61
-8.5,-8.88,-10.808,-8.5
-6.91,-6.94,-9.575,-6.91
-7.45,-5.25,-8.493,-7.45
-7.08,-4.07,-7.551,-7.08
-7.31,-4.43,-7.961,-7.31
-8.31,-4.14,-8.532,-8.31
-10.42,-2.64,-3.551,-10.42
-13.09,-4.91,-6.352,-13.09
-17.2,-5.41,-6.77,-17.2
-18.85,-7.92,-9.311,-18.85
-19.43,-9.75,-10.799,-19.43
-20.02,-11.35,-12.115,-20.02
-20.61,-13.52,-14.2,-20.61
-21.13,-14.36,-14.955,-21.13
-21.65,-15.03,-15.634,-21.65
-21.94,-15.14,-15.781,-21.94
-22.19,-15.26,-15.935,-22.19
-22.51,-15.88,-16.518,-22.51
-22.59,-16.15,-16.796,-22.59
-23.03,-19.31,-19.033,-23.03
-23.43,-18.7,-18.302,-23.43
-23.96,-18.4,-18.05,-23.96
-22.86,-18.89,-18.402,-22.86
-19.56,-15.18,-14.315,-19.56
-16.32,-13.9,-13.49,-16.32
-13.91,-10.86,-11.435,-13.91
-12.18,-5.68,-7.268,-12.18
-11.12,-3.49,-5.562,-11.12
-11.15,-3.36,-2.794,-11.15
-12.16,-1.61,-1.084,-12.16
-14.21,-1.76,-0.951,-14.21
-17.12,-5.5,-3.757,-17.12
-21.21,-6.46,-4.633,-21.21
-22.6,-9.99,-9.799,-22.6
-22.81,-11.47,-11.997,-22.81
-23.08,-12.8,-13.309,-23.08
-23.24,-13.65,-14.049,-23.24
-23.35,-14.43,-14.843,-23.35
-23.33,-14.57,-15.1,-23.33
-23.23,-14.79,-15.457,-23.23
-23.56,-14.66,-18.625,-23.56
-23.34,-15.5,-19.056,-23.34
-23.59,-15.5,-19.253,-23.59
-23.88,-15.1,-19.231,-23.88
-24.05,-14.78,-18.753,-24.05
-24.15,-14.56,-18.616,-24.15
-22.94,-14.12,-17.983,-22.94
-19.0,-11.41,-12.535,-19.0
-15.12,-11.05,-11.635,-15.12
-12.52,-9.34,-9.466,-12.52
-10.75,-3.44,-3.567,-10.75
-9.27,-3.15,-1.919,-9.27
-9.73,-3.19,-2.182,-9.73
-10.2,-2.47,-1.695,-10.2
-12.55,-2.64,-1.24,-12.55
-15.22,-5.43,-2.684,-15.22
-19.45,-6.55,-5.271,-19.45
-20.53,-8.65,-11.693,-20.53
-20.93,-10.24,-15.455,-20.93
-20.42,-10.93,-17.21,-20.42
-20.91,-12.24,-18.838,-20.91
-20.91,-12.55,-19.077,-20.91
-21.51,-12.93,-18.822,-21.51
-21.55,-12.98,-18.613,-21.55
-21.37,-12.49,-17.569,-21.37
-21.2,-13.64,-17.744,-21.2
-20.82,-13.53,-17.456,-20.82
-20.5,-14.54,-17.637,-20.5
-21.31,-14.61,-17.492,-21.31
-20.91,-14.81,-18.064,-20.91
-20.06,-15.36,-18.632,-20.06
-16.5,-12.66,-12.672,-16.5
-12.77,-11.69,-11.057,-12.77
-10.55,-9.51,-8.531,-10.55
-8.13,-3.51,-2.787,-8.13
-7.74,-3.09,-1.948,-7.74
-7.6,-3.47,-1.663,-7.6
-9.32,-3.03,-1.265,-9.32
-10.65,-2.52,-0.642,-10.65
-13.67,-5.61,-3.027,-13.67
-17.98,-5.74,-4.104,-17.98
-19.28,-8.27,-10.868,-19.28
-19.64,-9.02,-13.931,-19.64
-19.7,-10.03,-15.514,-19.7
-20.17,-12.41,-17.042,-20.17
-20.49,-12.67,-17.366,-20.49
-20.69,-13.35,-17.522,-20.69
-21.17,-14.95,-18.314,-21.17
-21.17,-15.18,-18.295,-21.17
-20.61,-15.69,-18.477,-20.61
-21.12,-16.83,-19.418,-21.12
-20.67,-14.66,-17.814,-20.67
-20.78,-15.06,-17.725,-20.78
-20.41,-14.65,-17.332,-20.41
-19.57,-15.08,-17.646,-19.57
-15.17,-12.72,-12.851,-15.17
-11.87,-9.77,-9.34,-11.87
-9.25,-8.11,-7.395,-9.25
-6.47,-3.53,-2.974,-6.47
-6.17,-2.99,-1.864,-6.17
-6.2,-3.16,-1.356,-6.2
-6.01,-3.23,-1.537,-6.01
-7.97,-1.9,-0.141,-7.97
-11.57,-4.6,-1.892,-11.57
-12.81,-5.45,-5.712,-12.81
-13.28,-6.46,-15.074,-13.28
-12.61,-6.95,-15.492,-12.61
-12.84,-7.34,-15.827,-12.84
-12.42,-7.82,-16.819,-12.42
-11.9,-8.27,-17.67,-11.9
-11.68,-8.3,-18.062,-11.68
-11.47,-8.58,-21.532,-11.47
-11.65,-9.22,-20.348,-11.65
-12.56,-9.46,-17.515,-12.56
-12.51,-9.65,-14.333,-12.51
-12.39,-8.22,-13.674,-12.39
-12.63,-8.13,-12.007,-12.63
-12.82,-7.83,-11.787,-12.82
-11.6,-7.81,-11.874,-11.6
-9.09,-6.71,-13.922,-9.09
-7.39,-6.55,-8.153,-7.39
-5.75,-5.65,-5.869,-5.75
-4.03,-3.51,-3.454,-4.03
-3.33,-3.08,-1.835,-3.33
-2.97,-2.98,-1.415,-2.97
-4.64,-2.63,-0.444,-4.64
-4.32,-2.52,-0.306,-4.32
-6.64,-4.17,-4.524,-6.64
-9.39,-4.87,-8.021,-9.39
-10.22,-6.1,-15.686,-10.22
-10.92,-6.71,-15.208,-10.92
-10.34,-6.38,-13.857,-10.34
-10.11,-7.26,-11.834,-10.11
-9.11,-6.91,-12.325,-9.11
-10.46,-8.18,-14.955,-10.46
-9.25,-8.06,-15.196,-9.25
-9.31,-8.02,-12.93,-9.31
-8.57,-8.31,-13.521,-8.57
-8.98,-8.32,-13.487,-8.98
-9.53,-6.6,-10.751,-9.53
-10.41,-6.87,-10.331,-10.41
-11.68,-6.93,-10.88,-11.68
-10.36,-7.14,-14.332,-10.36
-8.24,-6.46,-12.752,-8.24
-5.68,-5.88,-6.315,-5.68
-4.34,-5.9,-6.485,-4.34
-2.8,-5.4,-5.627,-2.8
-2.15,-5.89,-6.624,-2.15
-2.43,-6.11,-6.566,-2.43
-3.52,-5.7,-6.287,-3.52
-4.11,-5.85,-6.364,-4.11
-7.05,-5.95,-5.778,-7.05
-10.71,-5.8,-8.652,-10.71
-12.32,-6.43,-13.828,-12.32
-12.79,-6.97,-11.23,-12.79
-13.73,-8.12,-11.397,-13.73
-14.52,-9.5,-12.645,-14.52
-15.01,-9.46,-12.952,-15.01
-15.5,-9.39,-12.82,-15.5
-16.12,-8.94,-12.972,-16.12
-16.52,-9.67,-13.821,-16.52
-16.61,-11.69,-15.132,-16.61
-16.59,-12.82,-16.05,-16.59
-16.78,-13.77,-17.253,-16.78
-16.02,-14.69,-18.299,-16.02
-16.47,-14.88,-17.828,-16.47
-15.38,-14.64,-17.241,-15.38
-11.87,-11.68,-13.643,-11.87
-8.84,-10.21,-12.477,-8.84
-6.14,-8.55,-11.308,-6.14
-5.67,-3.88,-8.355,-5.67
-4.71,-2.42,-8.613,-4.71
-4.83,-2.2,-8.963,-4.83
-6.09,-0.83,-8.722,-6.09
-8.3,-0.56,-9.468,-8.3
-10.78,-2.28,-9.251,-10.78
-15.41,-2.33,-10.221,-15.41
-17.08,-5.55,-17.038,-17.08
-17.17,-8.03,-23.594,-17.17
-17.5,-8.37,-23.839,-17.5
-17.7,-9.06,-22.455,-17.7
-17.94,-9.92,-20.555,-17.94
-18.01,-10.32,-20.69,-18.01
-17.67,-11.58,-18.142,-17.67
-17.63,-11.62,-18.117,-17.63
-16.68,-12.29,-19.933,-16.68
-17.4,-12.2,-20.367,-17.4
-17.18,-10.41,-25.409,-17.18
-15.31,-10.54,-18.782,-15.31
-13.64,-9.43,-16.244,-13.64
-11.22,-8.99,-16.735,-11.22
-10.31,-8.24,-12.694,-10.31
-6.67,-6.81,-8.031,-6.67
-4.56,-6.16,-6.888,-4.56
-4.32,-3.88,-4.872,-4.32
-4.88,-3.35,-4.299,-4.88
-3.74,-3.46,-4.26,-3.74
-3.96,-2.5,-3.299,-3.96
-4.47,-2.01,-2.883,-4.47
-6.34,-3.81,-4.868,-6.34
-9.88,-4.14,-10.736,-9.88
-10.46,-4.9,-17.79,-10.46
-10.11,-6.27,-13.517,-10.11
-8.77,-6.64,-11.203,-8.77
-9.53,-7.14,-12.572,-9.53
-8.96,-7.26,-13.108,-8.96
-10.06,-7.86,-12.349,-10.06
-10.39,-8.42,-12.212,-10.39
-10.45,-7.98,-12.423,-10.45
-10.88,-7.97,-12.547,-10.88
-10.76,-8.15,-12.904,-10.76
-9.15,-6.22,-18.946,-9.15
-9.63,-6.37,-17.128,-9.63
-10.43,-6.3,-18.28,-10.43
-8.18,-5.82,-14.558,-8.18
-5.93,-6.31,-15.932,-5.93
-4.54,-5.68,-11.314,-4.54
-3.26,-6.43,-7.595,-3.26
-2.4,-5.39,-4.062,-2.4
-2.0,-5.17,-4.279,-2.0
-2.2,-4.56,-3.448,-2.2
-2.12,-4.81,-3.479,-2.12
-3.42,-5.06,-3.574,-3.42
-3.58,-5.4,-4.758,-3.58
-6.8,-5.02,-9.206,-6.8
-7.3,-4.96,-10.45,-7.3
-7.11,-4.65,-9.764,-7.11
-7.86,-5.04,-10.038,-7.86
-7.1,-3.64,-9.423,-7.1
-7.27,-4.23,-9.62,-7.27
-7.45,-4.16,-8.298,-7.45
-8.0,-5.47,-10.404,-8.0
-7.5,-5.48,-10.338,-7.5
-8.16,-6.22,-12.406,-8.16
-8.17,-6.08,-11.166,-8.17
-6.95,-5.33,-17.767,-6.95
-8.21,-4.86,-20.608,-8.21
-7.67,-5.02,-15.228,-7.67
-7.0,-5.1,-15.226,-7.0
-4.78,-3.86,-8.898,-4.78
-3.08,-2.93,-2.811,-3.08
-2.02,-3.65,-2.322,-2.02
-1.25,-1.96,-0.615,-1.25
-1.11,-1.99,-0.715,-1.11
-0.77,-1.84,-0.392,-0.77
-1.15,-1.26,-0.081,-1.15
-2.13,-1.09,-0.262,-2.13
-2.19,-1.96,-1.414,-2.19
-5.33,-1.86,-4.27,-5.33
-6.26,-2.59,-7.776,-6.26
-5.6,-2.93,-11.316,-5.6
-6.66,-3.2,-11.414,-6.66
-6.75,-2.48,-8.962,-6.75
-6.33,-2.86,-8.635,-6.33
-6.14,-3.42,-10.589,-6.14
-5.97,-3.91,-7.801,-5.97
-5.53,-3.78,-9.133,-5.53
-5.1,-3.69,-8.672,-5.1
-5.51,-3.83,-8.839,-5.51
-4.62,-3.84,-7.17,-4.62
-5.05,-3.67,-7.755,-5.05
-5.37,-3.85,-9.757,-5.37
-4.09,-3.42,-14.604,-4.09
-3.94,-2.91,-8.764,-3.94
-2.89,-3.39,-3.2,-2.89
-1.86,-4.16,-2.69,-1.86
-1.67,-3.78,-2.455,-1.67
-0.94,-3.65,-2.696,-0.94
-1.33,-3.79,-2.899,-1.33
-1.49,-3.62,-2.857,-1.49
-1.88,-3.28,-2.818,-1.88
-2.38,-4.37,-3.842,-2.38
-4.34,-4.59,-5.641,-4.34
-4.96,-4.3,-6.418,-4.96
-4.9,-4.04,-7.017,-4.9
-4.96,-3.92,-6.384,-4.96
-4.16,-3.72,-7.101,-4.16
-4.07,-3.6,-9.396,-4.07
-3.93,-4.27,-17.91,-3.93
-3.85,-4.14,-21.957,-3.85
-4.68,-4.3,-13.266,-4.68
-4.95,-4.37,-8.573,-4.95
-5.52,-4.42,-7.544,-5.52
-5.07,-4.65,-11.598,-5.07
-5.0,-4.76,-13.379,-5.0
-6.23,-4.54,-7.415,-6.23
-5.05,-4.19,-7.976,-5.05
-3.61,-3.62,-7.678,-3.61
-2.65,-3.0,-2.782,-2.65
-1.82,-3.04,-2.673,-1.82
-0.96,-2.07,-1.59,-0.96
-0.92,-2.37,-1.543,-0.92
-0.94,-2.04,-1.257,-0.94
-0.76,-1.8,-0.562,-0.76
-2.08,-1.2,0.0,-2.08
-2.52,-4.23,-4.511,-2.52
-3.09,-4.34,-5.7,-3.09
-3.24,-3.74,-5.759,-3.24
-3.47,-3.54,-6.116,-3.47
-3.36,-3.99,-6.15,-3.36
-3.83,-4.16,-7.143,-3.83
-4.57,-4.37,-7.32,-4.57
-3.91,-4.37,-7.391,-3.91
-3.73,-5.01,-7.224,-3.73
-4.21,-5.18,-10.256,-4.21
-4.0,-4.9,-7.886,-4.0
-4.42,-4.69,-7.586,-4.42
-5.0,-4.55,-7.826,-5.0
-4.38,-4.21,-6.763,-4.38
-4.48,-4.39,-7.578,-4.48
-3.98,-3.89,-6.754,-3.98
-3.38,-3.66,-5.09,-3.38
-2.31,-3.97,-4.021,-2.31
-1.61,-4.18,-4.022,-1.61
-0.27,-3.43,-2.947,-0.27
-0.37,-2.96,-2.151,-0.37
-0.39,-2.87,-1.864,-0.39
-0.95,-3.33,-2.032,-0.95
-1.64,-3.72,-2.263,-1.64
-2.38,-2.83,-3.122,-2.38
-2.61,-2.94,-3.81,-2.61
-2.68,-2.61,-4.293,-2.68
-2.85,-2.53,-4.262,-2.85
-3.15,-3.45,-5.841,-3.15
-3.87,-3.79,-5.35,-3.87
-4.89,-4.0,-6.644,-4.89
-4.19,-4.49,-6.201,-4.19
-5.53,-4.62,-6.451,-5.53
-6.53,-4.72,-7.363,-6.53
-5.09,-5.12,-7.014,-5.09
-6.06,-5.24,-8.078,-6.06
-5.07,-5.68,-8.947,-5.07
-5.47,-5.71,-7.677,-5.47
-5.29,-5.8,-7.791,-5.29
-4.01,-5.22,-7.204,-4.01
-3.85,-4.73,-5.663,-3.85
-2.04,-5.05,-4.351,-2.04
-1.27,-4.3,-3.573,-1.27
-1.06,-2.53,-1.698,-1.06
-1.0,-1.85,-1.088,-1.0
-0.69,-1.81,-0.958,-0.69
-1.64,-1.1,-0.272,-1.64
-1.98,-1.34,-0.538,-1.98
-3.34,-3.46,-3.187,-3.34
-4.5,-3.32,-4.441,-4.5
-5.45,-2.89,-4.87,-5.45
-4.37,-3.26,-4.877,-4.37
-5.88,-3.37,-4.936,-5.88
-5.34,-4.62,-8.535,-5.34
-5.56,-5.77,-8.251,-5.56
-5.81,-5.51,-8.482,-5.81
-6.31,-5.48,-8.467,-6.31
-5.68,-3.3,-5.0,-5.68
-5.8,-3.74,-6.021,-5.8
-5.61,-3.21,-5.989,-5.61
-7.01,-3.83,-9.097,-7.01
-7.37,-4.28,-8.129,-7.37
-7.59,-3.7,-6.552,-7.59
-6.91,-3.59,-6.374,-6.91
-6.26,-2.37,-3.502,-6.26
-4.25,-1.74,-0.756,-4.25
-3.5,-1.63,-0.809,-3.5
-2.69,-0.02,0.0,-2.69
-1.79,1.23,0.0,-1.79
-1.72,0.71,0.0,-1.72
-2.62,0.15,0.0,-2.62
-3.44,-0.31,-0.809,-3.44
-3.89,-1.59,-1.58,-3.89
-4.89,-1.16,-2.532,-4.89
-5.04,-1.35,-3.123,-5.04
-5.45,-1.23,-3.154,-5.45
-6.01,-1.23,-3.54,-6.01
-7.05,-3.3,-5.185,-7.05
-7.73,-3.5,-5.583,-7.73
-7.72,-3.4,-5.548,-7.72
-7.62,-3.27,-5.883,-7.62
-8.79,-3.97,-7.155,-8.79
-8.37,-4.74,-8.277,-8.37
-8.13,-4.31,-7.832,-8.13
-9.18,-3.8,-5.767,-9.18
-7.91,-3.81,-6.032,-7.91
-8.31,-1.36,-6.065,-8.31
-7.36,-6.72,-10.184,-7.36
-6.22,-7.45,-10.15,-6.22
-5.47,-7.52,-7.933,-5.47
-4.71,-7.52,-7.021,-4.71
-3.0,-6.21,-5.247,-3.0
-2.85,-5.92,-4.86,-2.85
-2.33,-5.14,-4.203,-2.33
-3.37,-4.05,-3.464,-3.37
-4.03,-3.85,-3.43,-4.03
-4.39,-5.62,-6.257,-4.39
-5.34,-5.65,-7.122,-5.34
-5.83,-5.5,-7.509,-5.83
-5.88,-4.15,-6.5,-5.88
-8.05,-5.32,-7.73,-8.05
-8.42,-5.88,-7.718,-8.42
-7.02,-5.32,-8.257,-7.02
-7.02,-5.5,-9.232,-7.02
-7.42,-4.59,-7.243,-7.42
-7.4,-4.52,-7.566,-7.4
-7.22,-5.14,-9.174,-7.22
-7.15,-4.89,-8.716,-7.15
-7.71,-5.72,-9.682,-7.71
-7.34,-5.77,-9.166,-7.34
-8.2,-5.14,-7.658,-8.2
-6.88,-6.25,-9.427,-6.88
-6.06,-3.79,-6.309,-6.06
-4.9,-3.86,-4.893,-4.9
-3.51,-4.15,-5.191,-3.51
-2.98,-1.06,-2.413,-2.98
-1.79,-2.48,-3.708,-1.79
-2.11,-2.58,-3.366,-2.11
-2.97,-1.26,-0.071,-2.97
-3.28,-1.72,-2.231,-3.28
-3.72,-3.42,-3.744,-3.72
-5.66,-3.79,-5.041,-5.66
-8.57,-3.86,-5.748,-8.57
-7.89,-3.68,-5.901,-7.89
-7.34,-4.32,-6.853,-7.34
-7.48,-4.97,-7.26,-7.48
-9.26,-5.07,-9.369,-9.26
-8.57,-6.9,-10.999,-8.57
-9.01,-7.59,-10.992,-9.01
-9.41,-7.32,-10.191,-9.41
-9.15,-6.47,-9.473,-9.15
-9.4,-7.37,-9.993,-9.4
-9.52,-6.32,-8.62,-9.52
-9.88,-6.46,-8.816,-9.88
-9.14,-6.18,-9.075,-9.14
-7.59,-5.92,-9.068,-7.59
-6.16,-3.41,-3.997,-6.16
-5.09,-3.41,-3.18,-5.09
-2.85,-3.04,-4.022,-2.85
-1.61,-0.81,-1.082,-1.61
-0.88,-0.71,-1.409,-0.88
-1.38,-0.26,0.0,-1.38
-1.06,-0.11,0.0,-1.06
-2.17,0.98,0.0,-2.17
-2.75,-1.63,-2.142,-2.75
-5.07,-0.79,-2.73,-5.07
-6.49,-1.15,-3.389,-6.49
-6.62,-0.89,-3.507,-6.62
-7.46,-1.08,-5.004,-7.46
-7.98,-2.99,-12.343,-7.98
-8.93,-3.84,-8.253,-8.93
-9.1,-3.47,-11.103,-9.1
-7.79,-4.03,-8.257,-7.79
-6.65,-4.13,-7.093,-6.65
-6.17,-4.29,-7.104,-6.17
-7.03,-4.19,-7.613,-7.03
-5.99,-4.88,-7.245,-5.99
-5.84,-4.68,-6.766,-5.84
-6.04,-4.24,-6.637,-6.04
-5.56,-4.29,-7.967,-5.56
-5.06,-4.63,-8.948,-5.06
-3.4,-4.25,-5.237,-3.4
-2.82,-4.1,-3.646,-2.82
-1.85,-3.54,-3.01,-1.85
-1.42,-3.6,-2.699,-1.42
-1.42,-3.56,-2.6,-1.42
-1.77,-3.21,-2.247,-1.77
-2.24,-3.14,-2.325,-2.24
-3.26,-4.47,-3.697,-3.26
-5.45,-4.06,-6.111,-5.45
-7.2,-3.39,-7.678,-7.2
-7.0,-3.5,-8.397,-7.0
-7.08,-4.21,-8.199,-7.08
-7.08,-5.36,-9.046,-7.08
-6.76,-5.18,-7.15,-6.76
-7.01,-5.49,-7.704,-7.01
-6.89,-6.15,-8.464,-6.89
-7.0,-5.65,-8.024,-7.0
-8.57,-5.79,-8.688,-8.57
-7.35,-6.42,-8.96,-7.35
-6.87,-6.2,-8.347,-6.87
-7.28,-6.39,-9.715,-7.28
-7.21,-6.1,-12.097,-7.21
-7.04,-5.81,-10.545,-7.04
-5.06,-5.34,-6.111,-5.06
-3.73,-5.11,-4.341,-3.73
-2.57,-5.74,-5.17,-2.57
-1.8,-3.88,-4.049,-1.8
-1.04,-3.8,-4.053,-1.04
-0.9,-3.76,-3.965,-0.9
-1.89,-3.23,-3.32,-1.89
-1.51,-3.16,-3.307,-1.51
-3.32,-3.67,-3.247,-3.32
-3.6,-3.89,-4.925,-3.6
-4.71,-3.51,-5.503,-4.71
-4.17,-3.6,-5.634,-4.17
-5.28,-3.84,-5.771,-5.28
-5.55,-3.58,-5.424,-5.55
-5.67,-3.56,-5.543,-5.67
-6.97,-4.11,-6.097,-6.97
-6.7,-4.47,-6.55,-6.7
-7.67,-5.09,-7.17,-7.67
-7.93,-5.78,-7.669,-7.93
-8.02,-6.12,-8.203,-8.02
-8.21,-8.17,-11.012,-8.21
-7.94,-7.3,-10.342,-7.94
-7.85,-6.99,-10.389,-7.85
-7.51,-7.16,-9.764,-7.51
-5.86,-6.29,-7.272,-5.86
-3.76,-4.95,-5.714,-3.76
-1.78,-2.7,-3.303,-1.78
-1.77,-1.11,-2.0,-1.77
-1.29,-0.64,-1.766,-1.29
-0.55,-0.81,-1.05,-0.55
-1.46,0.1,-0.551,-1.46
-2.68,-0.04,-0.381,-2.68
-2.99,-0.69,-1.139,-2.99
-6.77,-1.34,-4.619,-6.77
-7.53,-2.44,-7.81,-7.53
-8.5,-3.12,-8.371,-8.5
-8.52,-4.68,-9.341,-8.52
-8.39,-6.17,-10.502,-8.39
-8.15,-6.19,-10.504,-8.15
-7.98,-5.88,-10.036,-7.98
-8.16,-6.44,-10.883,-8.16
-9.04,-6.54,-9.264,-9.04
-8.78,-7.13,-10.295,-8.78
-9.56,-7.32,-10.322,-9.56
-9.77,-5.83,-12.906,-9.77
-9.73,-6.02,-13.249,-9.73
-10.39,-6.21,-11.545,-10.39
-8.7,-5.78,-10.032,-8.7
-5.71,-4.14,-4.662,-5.71
-3.51,-1.81,-3.373,-3.51
-1.63,-1.65,-3.07,-1.63
-0.16,0.45,-0.603,-0.16
0.0,0.38,-0.647,0.0
0.0,0.46,-0.506,0.0
-0.53,0.96,0.0,-0.53
-0.6,0.61,0.0,-0.6
-1.54,-0.87,-1.607,-1.54
-4.14,-0.55,-2.383,-4.14
-6.2,-0.57,-4.051,-6.2
-6.43,-0.44,-4.425,-6.43
-6.7,-1.59,-6.465,-6.7
-6.58,-2.55,-6.85,-6.58
-6.73,-3.19,-9.564,-6.73
-6.94,-3.48,-8.581,-6.94
-6.88,-4.51,-9.219,-6.88
-6.29,-4.74,-8.252,-6.29
-6.08,-5.06,-8.628,-6.08
-5.77,-5.23,-9.031,-5.77
-5.52,-3.73,-7.459,-5.52
-5.71,-3.8,-6.405,-5.71
-6.09,-3.93,-6.645,-6.09
-4.83,-3.75,-6.028,-4.83
-3.7,-2.52,-4.146,-3.7
-1.75,-1.86,-1.531,-1.75
-1.43,-1.33,-2.079,-1.43
-0.85,0.4,-0.758,-0.85
-0.66,0.07,-0.995,-0.66
-0.43,0.58,-1.01,-0.43
-0.96,0.28,-0.998,-0.96
0.0,0.15,-1.041,0.0
-0.45,-1.41,-2.052,-0.45
-3.66,-1.77,-2.789,-3.66
-4.47,-1.99,-3.186,-4.47
-2.77,-1.69,-3.283,-2.77
-2.53,-2.25,-3.87,-2.53
-3.45,-1.53,-3.372,-3.45
-2.95,-1.54,-3.646,-2.95
-3.21,-1.52,-3.798,-3.21
-2.71,-1.73,-4.103,-2.71
-3.87,-1.63,-4.109,-3.87
-2.73,-1.84,-9.195,-2.73
-2.88,-1.89,-12.946,-2.88
-3.81,-3.58,-5.333,-3.81
-3.5,-3.3,-5.641,-3.5
-3.37,-2.75,-4.796,-3.37
-2.7,-2.87,-5.985,-2.7
-1.75,-1.46,-3.298,-1.75
-0.94,-0.26,-0.47,-0.94
0.0,-0.5,0.0,0.0
0.0,0.48,0.0,0.0
0.0,-0.1,0.0,0.0
0.0,-0.03,0.0,0.0
0.0,-0.46,0.0,0.0
0.0,-0.93,0.0,0.0
0.0,-1.19,-0.521,0.0
0.0,-0.91,-2.192,0.0
0.0,-0.05,-3.655,0.0
0.0,-0.49,-2.928,0.0
0.0,-0.57,-2.923,0.0
0.0,-0.75,-3.653,0.0
0.0,-1.12,-4.31,0.0
0.0,-2.07,-6.067,0.0
0.0,-2.11,-6.403,0.0
0.0,-2.69,-6.699,0.0
0.0,-2.89,-6.007,0.0
0.0,-3.02,-5.569,0.0
0.0,-1.97,-3.752,0.0
0.0,-1.89,-3.811,0.0
0.0,-1.8,-4.794,0.0
0.0,-2.45,-5.386,0.0
0.0,-1.06,-2.469,0.0
0.0,-1.14,-0.617,0.0
0.0,-1.18,0.0,0.0
0.0,0.21,0.0,0.0
0.0,0.08,0.0,0.0
0.0,0.15,0.0,0.0
0.0,1.06,0.0,0.0
0.0,1.06,0.0,0.0
0.0,-0.71,0.0,0.0
0.0,-0.61,-1.342,0.0
0.0,-0.9,-2.262,0.0
0.0,-0.76,-3.01,0.0
0.0,-0.9,-2.984,0.0
0.0,-1.93,-4.762,0.0
0.0,-1.79,-4.245,0.0
0.0,-1.69,-3.633,0.0
0.0,-1.83,-6.481,0.0
0.0,-1.83,-4.454,0.0
0.0,-3.04,-9.31,0.0
0.0,-2.89,-8.806,0.0
0.0,-3.18,-8.875,0.0
0.0,-3.3,-7.352,0.0
0.0,-3.38,-8.977,0.0
0.0,-4.11,-6.842,0.0
0.0,-2.23,-3.388,0.0
0.0,-2.23,-1.79,0.0
0.0,-2.32,-1.986,0.0
0.0,-0.81,-1.057,0.0
0.0,-0.77,-0.862,0.0
0.0,-0.62,-0.906,0.0
0.0,-1.18,-1.002,0.0
0.0,-0.66,-0.222,0.0
0.0,-1.81,-0.555,0.0
0.0,-2.06,-3.293,0.0
0.0,-2.45,-3.865,0.0
0.0,-1.46,-4.174,0.0
0.0,-2.27,-4.073,0.0
0.0,-2.46,-4.078,0.0
0.0,-2.36,-4.78,0.0
0.0,-2.83,-5.787,0.0
0.0,-2.69,-4.414,0.0
0.0,-2.85,-7.06,0.0
0.0,-3.97,-6.554,0.0
0.0,-4.26,-6.747,0.0
0.0,-3.93,-6.069,0.0
0.0,-4.66,-9.19,0.0
0.0,-4.61,-7.069,0.0
0.0,-4.23,-10.309,0.0
0.0,-2.94,-1.969,0.0
0.0,-2.87,-2.481,0.0
0.0,-3.11,-2.785,0.0
0.0,-0.97,-1.313,0.0
0.0,-0.77,-1.059,0.0
0.0,-0.31,-0.407,0.0
0.0,0.41,0.0,0.0
0.0,-0.03,0.0,0.0
0.0,-1.08,0.0,0.0
0.0,-1.59,-2.377,0.0
0.0,-1.38,-3.202,0.0
0.0,-1.28,-3.492,0.0
0.0,-1.76,-3.587,0.0
0.0,-1.87,-3.899,0.0
0.0,-2.24,-4.17,0.0
0.0,-2.38,-8.069,0.0
0.0,-2.49,-4.803,0.0
0.0,-2.57,-4.655,0.0
0.0,-3.16,-5.593,0.0
0.0,-2.93,-7.235,0.0
0.0,-2.87,-15.446,0.0
0.0,-3.39,-6.544,0.0
0.0,-3.06,-6.759,0.0
0.0,-3.36,-14.262,0.0
0.0,-3.29,-5.041,0.0
0.0,-2.74,-2.672,0.0
0.0,-2.99,-2.801,0.0
0.0,-1.31,-1.488,0.0
0.0,-0.86,-0.983,0.0
0.0,-0.94,-0.601,0.0
0.0,-0.53,-0.143,0.0
0.0,-1.25,-0.579,0.0
0.0,-1.94,-0.971,0.0
0.0,-2.72,-3.675,0.0
0.0,-2.35,-5.343,0.0
0.0,-1.68,-6.654,0.0
0.0,-0.18,-4.465,0.0
0.0,-0.57,-3.636,0.0
0.0,-0.99,-4.01,0.0
0.0,-0.62,-3.481,0.0
0.0,-1.13,-3.589,0.0
0.0,-1.09,-3.53,0.0
0.0,-1.67,-4.118,0.0
0.0,-1.73,-4.197,0.0
0.0,-1.74,-6.144,0.0
0.0,-1.48,-4.264,0.0
0.0,-1.08,-3.533,0.0
0.0,-0.53,-5.832,0.0
0.0,0.55,0.0,0.0
0.0,-0.14,0.0,0.0
0.0,-0.41,0.0,0.0
0.0,1.54,0.0,0.0
0.0,1.95,0.0,0.0
0.0,2.19,0.0,0.0
0.0,2.93,0.0,0.0
0.0,3.1,0.0,0.0
0.0,1.35,0.0,0.0
0.0,0.58,0.0,0.0
0.0,0.96,0.0,0.0
0.0,1.06,-1.022,0.0
0.0,0.34,-2.718,0.0
0.0,0.23,-3.762,0.0
0.0,-0.39,-8.329,0.0
0.0,-0.68,-9.389,0.0
0.0,-0.8,-5.65,0.0
0.0,1.96,0.0,0.0
0.0,-3.75,-6.529,0.0
0.0,-4.11,-6.707,0.0
0.0,-4.82,-6.42,0.0
0.0,-4.58,-7.391,0.0
0.0,-4.56,-7.005,0.0
0.0,-3.99,-5.586,0.0
0.0,-1.97,-2.166,0.0
0.0,-0.98,-1.219,0.0
0.0,-0.73,-1.0,0.0
0.0,2.61,0.0,0.0
0.0,3.68,0.0,0.0
0.0,3.66,0.0,0.0
0.0,4.75,0.0,0.0
0.0,4.6,0.0,0.0
0.0,3.84,0.0,0.0
0.0,2.78,0.0,0.0
0.0,-1.02,0.0,0.0
0.0,-2.7,-3.293,0.0
0.0,-4.28,-5.187,0.0
0.0,-5.11,-6.706,0.0
0.0,-5.97,-7.672,0.0
0.0,-6.21,-8.027,0.0
0.0,-6.83,-8.771,0.0
0.0,-7.36,-9.225,0.0
0.0,-8.18,-9.951,0.0
0.0,-8.2,-10.134,0.0
0.0,-5.19,-8.477,0.0
0.0,-5.54,-9.503,0.0
0.0,-5.83,-10.1,0.0
0.0,-7.63,-8.859,0.0
0.0,-3.05,-1.239,0.0
0.0,-1.34,0.0,0.0
0.0,-0.05,0.0,0.0
0.0,3.29,0.0,0.0
0.0,2.96,0.0,0.0
0.0,2.58,0.0,0.0
0.0,2.95,0.0,0.0
0.0,2.87,0.0,0.0
0.0,1.59,0.0,0.0
0.0,0.88,0.0,0.0
0.0,-0.23,-4.928,0.0
0.0,-0.42,-4.7,0.0
0.0,-1.06,-5.583,0.0
0.0,-1.47,-3.56,0.0
0.0,-2.3,-4.166,0.0
0.0,-2.72,-4.542,0.0
0.0,-3.33,-5.304,0.0
0.0,-3.4,-5.358,0.0
0.0,-3.6,-5.776,0.0
0.0,-3.25,-5.434,0.0
0.0,-2.54,-5.233,0.0
0.0,-2.51,-5.324,0.0
0.0,-2.75,-5.01,0.0
0.0,-2.88,-4.811,0.0
0.0,-2.57,-1.451,0.0
0.0,-3.84,-1.364,0.0
0.0,-4.75,-4.03,0.0
0.0,-4.32,-3.673,0.0
0.0,-3.9,-3.184,0.0
0.0,-3.78,-3.147,0.0
0.0,-3.52,-2.878,0.0
0.0,-3.81,-2.92,0.0
0.0,-3.11,-2.355,0.0
0.0,-2.87,-4.717,0.0
0.0,-3.11,-7.795,0.0
0.0,-2.74,-6.413,0.0
0.0,-3.97,-7.482,0.0
0.0,-3.17,-5.842,0.0
0.0,-2.74,-5.388,0.0
0.0,-2.85,-7.075,0.0
0.0,-2.62,-10.158,0.0
0.0,-2.61,-15.766,0.0
0.0,-3.04,-15.451,0.0
0.0,-3.06,-12.25,0.0
0.0,-3.77,-12.234,0.0
0.0,-3.59,-11.953,0.0
0.0,-3.49,-16.335,0.0
0.0,-3.35,-8.959,0.0
0.0,-2.26,-6.41,0.0
0.0,-2.51,-2.18,0.0
0.0,-2.9,-1.575,0.0
0.0,-1.97,-0.91,0.0
0.0,-1.89,-0.812,0.0
0.0,-2.43,-1.421,0.0
0.0,-2.37,-1.476,0.0
0.0,-2.59,-1.821,0.0
0.0,-2.9,-2.338,0.0
0.0,-2.74,-3.653,0.0
0.0,-1.78,-3.31,0.0
0.0,-1.65,-3.526,0.0
0.0,-2.28,-4.494,0.0
0.0,-2.01,-4.022,0.0
0.0,-1.79,-3.817,0.0
0.0,-1.97,-4.038,0.0
0.0,-2.08,-5.839,0.0
0.0,-2.06,-8.102,0.0
0.0,-2.22,-4.959,0.0
0.0,-2.54,-10.436,0.0
0.0,-3.0,-11.19,0.0
0.0,-2.66,-4.975,0.0
0.0,-3.14,-5.756,0.0
0.0,-3.54,-10.277,0.0
0.0,-2.85,-5.197,0.0
0.0,-2.96,-2.413,0.0
0.0,-3.19,-2.629,0.0
0.0,-2.33,-1.934,0.0
0.0,-2.14,-1.819,0.0
0.0,-2.32,-2.002,0.0
0.0,-1.73,-1.264,0.0
0.0,-1.47,-1.073,0.0
0.0,-2.36,-1.811,0.0
0.0,-2.41,-3.604,0.0
0.0,-1.63,-4.274,0.0
0.0,-1.13,-5.523,0.0
0.0,-1.41,-6.765,0.0
0.0,-1.97,-5.394,0.0
0.0,-1.77,-7.138,0.0
0.0,-2.26,-8.229,0.0
0.0,-2.17,-6.271,0.0
0.0,-2.13,-10.926,0.0
0.0,-2.87,-5.363,0.0
0.0,-2.82,-10.909,0.0
0.0,-3.03,-13.708,0.0
0.0,-2.93,-5.096,0.0
0.0,-2.73,-5.334,0.0
0.0,-2.46,-8.107,0.0
0.0,-1.39,-1.228,0.0
0.0,-2.2,-0.633,0.0
0.0,-2.31,-0.839,0.0
0.0,-0.61,0.0,0.0
0.0,-0.71,0.0,0.0
0.0,-0.7,0.0,0.0
0.0,0.2,0.0,0.0
0.0,-0.19,0.0,0.0
0.0,-0.01,0.0,0.0
0.0,-0.4,0.0,0.0
0.0,0.88,0.0,0.0
0.0,-1.26,-2.387,0.0
0.0,-1.09,-4.298,0.0
0.0,-1.8,-5.06,0.0
0.0,-1.82,-5.699,0.0
0.0,0.22,-3.632,0.0
0.0,0.57,-3.036,0.0
0.0,0.47,-3.041,0.0
0.0,0.17,-3.067,0.0
0.0,0.07,-3.212,0.0
0.0,0.72,-1.675,0.0
0.0,0.57,-1.856,0.0
0.0,0.85,-5.754,0.0
0.0,0.91,-6.26,0.0
0.0,1.18,-0.112,0.0
0.0,0.25,0.0,0.0
0.0,0.03,0.0,0.0
0.0,2.12,0.0,0.0
0.0,2.38,0.0,0.0
0.0,2.45,0.0,0.0
0.0,2.53,0.0,0.0
0.0,2.41,0.0,0.0
0.0,1.22,0.0,0.0
0.0,1.78,0.0,0.0
0.0,2.08,0.0,0.0
0.0,2.48,0.0,0.0
0.0,2.63,0.0,0.0
0.0,1.4,0.0,0.0
0.0,0.87,-2.679,0.0
0.0,-0.01,-6.626,0.0
0.0,0.18,-8.553,0.0
0.0,0.58,-5.367,0.0
0.0,0.52,-3.128,0.0
0.0,0.73,-7.126,0.0
0.0,2.71,0.0,0.0
0.0,-1.87,-6.193,0.0
0.0,-1.58,-11.217,0.0
0.0,-1.63,-12.215,0.0
0.0,-0.03,-3.955,0.0
0.0,-0.71,-0.088,0.0
0.0,-1.55,-0.957,0.0
0.0,0.78,0.0,0.0
0.0,0.71,0.0,0.0
0.0,1.34,0.0,0.0
0.0,1.92,0.0,0.0
0.0,2.09,0.0,0.0
0.0,0.05,0.0,0.0
0.0,0.39,-1.971,0.0
0.0,0.76,-4.621,0.0
0.0,1.28,0.0,0.0
0.0,1.01,-8.021,0.0
0.0,-0.42,-16.118,0.0
0.0,-0.26,-12.276,0.0
0.0,-0.29,-12.187,0.0
0.0,0.08,-7.852,0.0
0.0,0.59,-5.995,0.0
0.0,-0.84,-6.296,0.0
0.0,-1.0,-5.067,0.0
0.0,-1.75,-5.455,0.0
0.0,-1.63,-4.707,0.0
0.0,-1.48,-4.667,0.0
0.0,-1.51,-4.24,0.0
0.0,0.38,0.0,0.0
0.0,1.19,0.0,0.0
0.0,-0.98,0.0,0.0
0.0,0.5,0.0,0.0
0.0,0.44,0.0,0.0
0.0,0.44,0.0,0.0
0.0,1.71,0.0,0.0
0.0,1.75,0.0,0.0
0.0,-0.66,0.0,0.0
0.0,-0.56,0.0,0.0
0.0,0.91,0.0,0.0
0.0,1.12,0.0,0.0
0.0,0.35,0.0,0.0
0.0,-1.81,-12.487,0.0
0.0,-2.01,-11.268,0.0
0.0,-1.71,-12.926,0.0
0.0,-2.25,-11.966,0.0
0.0,-1.87,-11.426,0.0
0.0,-3.27,-11.46,0.0
0.0,-2.81,-11.411,0.0
0.0,-2.54,-8.192,0.0
0.0,-2.13,-5.619,0.0
0.0,-1.99,-5.673,0.0
0.0,-1.82,-8.373,0.0
0.0,-1.49,-1.664,0.0
0.0,-2.1,-1.998,0.0
0.0,-2.3,-2.027,0.0
0.0,-0.43,-0.307,0.0
0.0,-0.18,-0.371,0.0
0.0,0.04,-0.144,0.0
0.0,0.34,0.0,0.0
0.0,-0.09,0.0,0.0
0.0,-0.5,-0.178,0.0
0.0,0.37,-2.177,0.0
0.0,0.39,-6.344,0.0
0.0,0.55,-7.975,0.0
0.0,-0.37,-11.268,0.0
0.0,-1.38,-11.979,0.0
0.0,-1.7,-12.235,0.0
0.0,-2.1,-12.46,0.0
0.0,-2.42,-11.045,0.0
0.0,-2.61,-8.728,0.0
0.0,-2.85,-6.885,0.0
0.0,-3.08,-8.296,0.0
0.0,-2.59,-8.135,0.0
0.0,-3.25,-7.011,0.0
0.0,-3.48,-6.138,0.0
0.0,-2.02,-8.639,0.0
0.0,-0.25,-0.663,0.0
0.0,-0.1,-0.157,0.0
0.0,-1.37,-0.985,0.0
0.0,0.39,0.0,0.0
0.0,2.55,0.0,0.0
0.0,2.67,0.0,0.0
0.0,1.96,0.0,0.0
0.0,2.01,0.0,0.0
0.0,0.89,0.0,0.0
0.0,0.85,0.0,0.0
0.0,1.3,0.0,0.0
0.0,1.7,0.0,0.0
0.0,0.46,0.0,0.0
0.0,-0.07,-3.227,0.0
0.0,0.03,-1.949,0.0
0.0,-0.46,-2.649,0.0
0.0,-0.21,-2.626,0.0
0.0,-0.67,-5.551,0.0
0.0,-1.37,-12.393,0.0
0.0,-1.4,-11.231,0.0
0.0,-0.25,-8.437,0.0
0.0,0.05,-3.032,0.0
0.0,-0.39,-3.074,0.0
0.0,0.24,-2.032,0.0
0.0,1.86,0.0,0.0
0.0,1.56,0.0,0.0
0.0,0.89,0.0,0.0
0.0,2.88,0.0,0.0
0.0,2.75,0.0,0.0
0.0,1.99,0.0,0.0
0.0,2.53,0.0,0.0
0.0,2.49,0.0,0.0
0.0,3.42,0.0,0.0
0.0,6.49,0.0,0.0
0.0,3.25,0.0,0.0
0.0,3.64,0.0,0.0
0.0,3.63,0.0,0.0
0.0,2.68,0.0,0.0
0.0,2.22,0.0,0.0
0.0,1.36,0.0,0.0
0.0,1.09,0.0,0.0
0.0,0.84,0.0,0.0
0.0,0.45,-6.434,0.0
0.0,0.38,-6.465,0.0
0.0,-0.39,-11.947,0.0
0.0,-0.19,-11.373,0.0
0.0,0.23,-10.661,0.0
0.0,0.32,-10.068,0.0
0.0,0.91,-3.553,0.0
0.0,2.51,0.0,0.0
0.0,2.01,0.0,0.0
0.0,3.29,0.0,0.0
0.0,3.59,0.0,0.0
0.0,3.37,0.0,0.0
0.0,3.85,0.0,0.0
0.0,4.42,0.0,0.0
0.0,3.06,0.0,0.0
0.0,3.17,0.0,0.0
0.0,2.8,0.0,0.0
0.0,2.72,0.0,0.0
0.0,2.46,0.0,0.0
0.0,2.0,0.0,0.0
0.0,1.46,0.0,0.0
0.0,0.04,0.0,0.0
0.0,-0.39,-2.741,0.0
0.0,-0.39,-3.021,0.0
0.0,-0.91,-7.633,0.0
0.0,-0.73,-6.887,0.0
0.0,-1.94,-5.624,0.0
0.0,-2.13,-8.119,0.0
0.0,-1.89,-3.909,0.0
0.0,-1.71,-16.337,0.0
0.0,0.01,0.0,0.0
0.0,-0.42,-0.249,0.0
0.0,-0.48,0.0,0.0
0.0,0.2,0.0,0.0
0.0,-0.13,0.0,0.0
0.0,-0.45,0.0,0.0
0.0,-1.05,0.0,0.0
0.0,-1.05,0.0,0.0
0.0,-1.91,0.0,0.0
0.0,-1.63,-1.592,0.0
0.0,-1.83,-3.194,0.0
0.0,-1.31,-3.355,0.0
0.0,-1.06,-3.908,0.0
0.0,-1.34,-7.521,0.0
0.0,-1.32,-8.81,0.0
0.0,-1.29,-6.712,0.0
0.0,-1.21,-12.19,0.0
0.0,-1.05,-12.448,0.0
0.0,-1.76,-16.55,0.0
0.0,-1.84,-15.332,0.0
0.0,-1.9,-16.458,0.0
0.0,-2.13,-17.313,0.0
0.0,-2.91,-5.125,0.0
0.0,-2.94,-6.44,0.0
0.0,0.28,0.0,0.0
0.0,0.71,0.0,0.0
0.0,0.85,0.0,0.0
0.0,3.39,0.0,0.0
0.0,3.7,0.0,0.0
0.0,4.08,0.0,0.0
0.0,5.32,0.0,0.0
0.0,5.3,0.0,0.0
0.0,5.17,0.0,0.0
0.0,5.05,0.0,0.0
0.0,4.8,0.0,0.0
0.0,2.5,0.0,0.0
0.0,2.41,0.0,0.0
0.0,0.75,0.0,0.0
0.0,0.49,-4.153,0.0
0.0,0.65,-2.257,0.0
0.0,-0.48,-2.793,0.0
0.0,-0.39,-2.901,0.0
0.0,-1.42,-3.766,0.0
0.0,-1.14,-3.963,0.0
0.0,0.5,-2.828,0.0
0.0,0.82,-2.455,0.0
0.0,1.4,0.0,0.0
0.0,1.74,0.0,0.0
0.0,2.6,0.0,0.0
0.0,2.07,0.0,0.0
0.0,1.46,0.0,0.0
0.0,1.33,0.0,0.0
0.0,1.72,0.0,0.0
0.0,4.08,0.0,0.0
0.0,-0.22,0.0,0.0
0.0,0.03,0.0,0.0
0.0,-0.3,-0.562,0.0
0.0,-0.26,-2.665,0.0
0.0,0.63,-2.1,0.0
0.0,0.53,-3.212,0.0
0.0,1.0,-5.031,0.0
0.0,0.25,-5.807,0.0
0.0,-0.14,-9.332,0.0
0.0,-0.96,-13.695,0.0
0.0,-0.24,-16.939,0.0
0.0,-0.29,-17.209,0.0
0.0,-1.26,-17.782,0.0
0.0,-1.12,-17.922,0.0
0.0,-0.89,-17.264,0.0
0.0,-0.89,-17.918,0.0
0.0,-0.77,-12.955,0.0
0.0,-1.08,-14.434,0.0
0.0,-0.42,-9.918,0.0
0.0,-0.42,0.0,0.0
0.0,-1.22,-0.002,0.0
0.0,-1.49,0.0,0.0
0.0,-1.72,0.0,0.0
0.0,-1.62,0.0,0.0
0.0,-2.14,-0.683,0.0
0.0,-2.6,-1.342,0.0
0.0,-0.31,0.0,0.0
0.0,-0.19,-1.593,0.0
0.0,-0.01,-2.696,0.0
0.0,-1.18,-7.328,0.0
0.0,-1.7,-11.165,0.0
0.0,-1.86,-18.587,0.0
0.0,-1.84,-15.807,0.0
0.0,-2.24,-12.893,0.0
0.0,-2.59,-15.535,0.0
0.0,-3.66,-14.764,0.0
0.0,-3.85,-14.756,0.0
0.0,-4.44,-12.495,0.0
0.0,-3.99,-11.11,0.0
0.0,-4.16,-10.597,0.0
0.0,-4.14,-4.919,0.0
0.0,-3.56,-5.076,0.0
0.0,-0.86,0.0,0.0
0.0,-0.22,-0.724,0.0
0.0,-0.14,0.0,0.0
0.0,1.4,0.0,0.0
0.0,1.09,0.0,0.0
0.0,1.02,0.0,0.0
0.0,1.23,0.0,0.0
0.0,2.06,0.0,0.0
0.0,1.61,0.0,0.0
0.0,0.73,0.0,0.0
0.0,0.81,0.0,0.0
0.0,0.09,0.0,0.0
0.0,-0.18,-5.471,0.0
0.0,-0.93,-5.749,0.0
0.0,-1.66,-6.546,0.0
0.0,-3.02,-5.294,0.0
0.0,-3.76,-6.282,0.0
0.0,-4.13,-6.71,0.0
0.0,-5.25,-7.114,0.0
0.0,-4.8,-6.937,0.0
0.0,-4.63,-6.495,0.0
0.0,-4.32,-6.492,0.0
0.0,-4.65,-5.496,0.0
0.0,-3.46,-2.676,0.0
0.0,-0.02,0.0,0.0
0.0,0.31,0.0,0.0
0.0,1.15,0.0,0.0
0.0,3.7,0.0,0.0
0.0,3.64,0.0,0.0
0.0,4.58,0.0,0.0
0.0,5.63,0.0,0.0
0.0,5.66,0.0,0.0
0.0,3.56,0.0,0.0
0.0,3.47,0.0,0.0
0.0,3.57,0.0,0.0
0.0,1.92,0.0,0.0
0.0,0.04,-2.372,0.0
0.0,-1.95,-6.227,0.0
0.0,-2.9,-4.495,0.0
0.0,-0.78,-3.973,0.0
0.0,-1.42,-4.243,0.0
0.0,-1.54,-4.46,0.0
0.0,-1.76,-4.689,0.0
0.0,-1.76,-5.1,0.0
0.0,0.13,-2.471,0.0
0.0,0.7,-1.708,0.0
0.0,1.46,0.0,0.0
0.0,1.69,0.0,0.0
0.0,3.58,0.0,0.0
0.0,3.96,0.0,0.0
0.0,3.21,0.0,0.0
0.0,4.6,0.0,0.0
0.0,4.47,0.0,0.0
0.0,4.51,0.0,0.0
0.0,4.74,0.0,0.0
0.0,5.71,0.0,0.0
0.0,4.35,0.0,0.0
0.0,4.33,0.0,0.0
0.0,4.75,0.0,0.0
0.0,5.08,0.0,0.0
0.0,4.18,0.0,0.0
0.0,3.63,0.0,0.0
0.0,3.09,0.0,0.0
0.0,2.47,0.0,0.0
0.0,2.09,0.0,0.0
0.0,2.28,0.0,0.0
0.0,1.55,0.0,0.0
0.0,1.6,-1.28,0.0
0.0,3.85,-0.726,0.0
0.0,-0.79,-3.201,0.0
0.0,-0.32,-1.22,0.0
0.0,0.18,0.0,0.0
0.0,3.66,0.0,0.0
0.0,4.69,0.0,0.0
0.0,4.47,0.0,0.0
0.0,7.07,0.0,0.0
0.0,7.01,0.0,0.0
0.0,7.06,0.0,0.0
0.0,8.82,0.0,0.0
0.0,8.46,0.0,0.0
0.0,6.73,0.0,0.0
0.0,6.33,0.0,0.0
0.0,7.06,0.0,0.0
0.0,6.64,0.0,0.0
0.0,6.87,0.0,0.0
0.0,5.3,0.0,0.0
0.0,5.23,0.0,0.0
0.0,4.22,0.0,0.0
0.0,4.68,0.0,0.0
0.0,4.48,0.0,0.0
0.0,3.37,0.0,0.0
0.0,3.33,0.0,0.0
0.0,2.14,0.0,0.0
0.0,2.14,0.0,0.0
0.0,1.91,0.0,0.0
0.0,1.56,0.0,0.0
0.0,3.22,0.0,0.0
0.0,3.08,0.0,0.0
0.0,1.56,0.0,0.0
0.0,3.13,0.0,0.0
0.0,4.1,0.0,0.0
0.0,4.22,0.0,0.0
0.0,4.27,0.0,0.0
0.0,3.49,0.0,0.0
0.0,1.9,0.0,0.0
0.0,2.35,0.0,0.0
0.0,3.0,0.0,0.0
0.0,3.31,0.0,0.0
0.0,2.46,0.0,0.0
0.0,1.25,0.0,0.0
0.0,1.14,0.0,0.0
0.0,1.27,-2.646,0.0
0.0,1.6,-2.802,0.0
0.0,1.78,0.0,0.0
0.0,1.36,0.0,0.0
0.0,1.22,0.0,0.0
0.0,0.08,-8.444,0.0
0.0,0.21,-12.815,0.0
0.0,0.12,-0.889,0.0
0.0,0.31,-3.861,0.0
0.0,1.08,0.0,0.0
0.0,1.99,0.0,0.0
0.0,2.04,0.0,0.0
0.0,2.45,0.0,0.0
0.0,2.82,0.0,0.0
0.0,2.66,0.0,0.0
0.0,3.11,0.0,0.0
0.0,2.98,0.0,0.0
0.0,3.26,0.0,0.0
0.0,3.08,0.0,0.0
0.0,2.66,0.0,0.0
0.0,1.78,0.0,0.0
0.0,1.8,0.0,0.0
0.0,1.22,0.0,0.0
0.0,0.89,0.0,0.0
0.0,0.46,-0.308,0.0
0.0,0.27,-3.614,0.0
0.0,-0.15,-7.412,0.0
0.0,-0.71,-8.623,0.0
0.0,-0.09,-8.739,0.0
0.0,-0.98,-15.315,0.0
0.0,-0.71,-14.202,0.0
0.0,-0.52,-1.922,0.0
0.0,-0.53,-3.868,0.0
0.0,0.84,0.0,0.0
0.0,0.81,0.0,0.0
0.0,1.37,0.0,0.0
0.0,2.41,0.0,0.0
0.0,2.97,0.0,0.0
0.0,2.93,0.0,0.0
0.0,3.96,0.0,0.0
0.0,3.39,0.0,0.0
0.0,2.66,0.0,0.0
0.0,2.95,0.0,0.0
0.0,3.4,0.0,0.0
0.0,2.81,0.0,0.0
0.0,1.77,0.0,0.0
0.0,1.44,0.0,0.0
0.0,1.27,0.0,0.0
0.0,0.98,-10.934,0.0
0.0,0.63,-9.5,0.0
0.0,0.74,-11.13,0.0
0.0,0.71,-9.969,0.0
0.0,0.73,-11.808,0.0
0.0,-0.3,-16.912,0.0
0.0,-0.73,-14.949,0.0
0.0,0.2,-1.074,0.0
0.0,-0.01,-4.614,0.0
0.0,0.94,0.0,0.0
0.0,1.15,0.0,0.0
0.0,1.13,0.0,0.0
0.0,2.25,0.0,0.0
0.0,2.93,0.0,0.0
0.0,2.78,0.0,0.0
0.0,2.74,0.0,0.0
0.0,2.13,0.0,0.0
0.0,0.64,0.0,0.0
0.0,1.1,0.0,0.0
0.0,1.52,0.0,0.0
0.0,1.95,0.0,0.0
0.0,2.36,0.0,0.0
0.0,1.61,0.0,0.0
0.0,1.28,0.0,0.0
0.0,0.99,0.0,0.0
0.0,1.03,-5.857,0.0
0.0,1.32,0.0,0.0
0.0,0.68,0.0,0.0
0.0,0.34,-8.155,0.0
0.0,-0.48,-11.441,0.0
0.0,-0.43,-14.622,0.0
0.0,-0.43,-1.235,0.0
0.0,-0.78,-8.273,0.0
0.0,-0.18,0.0,0.0
0.0,0.04,0.0,0.0
0.0,0.14,0.0,0.0
0.0,0.79,0.0,0.0
0.0,1.75,0.0,0.0
0.0,1.45,0.0,0.0
0.0,1.6,0.0,0.0
0.0,1.56,0.0,0.0
0.0,0.53,0.0,0.0
0.0,0.88,0.0,0.0
0.0,1.86,0.0,0.0
0.0,2.12,0.0,0.0
0.0,2.63,0.0,0.0
0.0,2.55,0.0,0.0
0.0,2.2,0.0,0.0
0.0,2.27,0.0,0.0
0.0,1.01,0.0,0.0
0.0,0.45,-7.886,0.0
0.0,-0.46,-10.903,0.0
0.0,-0.92,-9.532,0.0
0.0,-1.01,-20.234,0.0
0.0,-0.94,-17.84,0.0
0.0,-0.71,-2.326,0.0
0.0,-0.04,-0.945,0.0
0.0,1.97,0.0,0.0
0.0,1.82,0.0,0.0
0.0,1.73,0.0,0.0
0.0,1.72,0.0,0.0
0.0,2.81,0.0,0.0
0.0,3.25,0.0,0.0
0.0,4.02,0.0,0.0
0.0,3.84,0.0,0.0
0.0,1.9,0.0,0.0
0.0,2.56,0.0,0.0
0.0,2.56,0.0,0.0
0.0,3.24,0.0,0.0
0.0,3.19,0.0,0.0
0.0,2.38,0.0,0.0
0.0,1.12,0.0,0.0
0.0,0.49,-7.809,0.0
0.0,0.32,-10.194,0.0
0.0,0.29,-15.348,0.0
0.0,0.16,-16.506,0.0
0.0,-0.19,-14.99,0.0
0.0,0.06,-11.691,0.0
0.0,0.35,-11.434,0.0
0.0,0.39,-0.805,0.0
0.0,0.69,-3.177,0.0
0.0,2.37,0.0,0.0
0.0,2.23,0.0,0.0
0.0,1.89,0.0,0.0
0.0,3.43,0.0,0.0
0.0,3.21,0.0,0.0
0.0,2.81,0.0,0.0
0.0,1.42,0.0,0.0
0.0,2.35,0.0,0.0
0.0,1.08,0.0,0.0
0.0,2.1,0.0,0.0
0.0,2.06,0.0,0.0
0.0,1.54,0.0,0.0
0.0,1.7,0.0,0.0
0.0,1.74,0.0,0.0
0.0,2.0,0.0,0.0
0.0,1.76,0.0,0.0
0.0,4.47,0.0,0.0
0.0,3.98,0.0,0.0
0.0,3.36,0.0,0.0
0.0,3.07,0.0,0.0
0.0,2.15,0.0,0.0
0.0,1.96,0.0,0.0
0.0,1.8,0.0,0.0
0.0,2.03,0.0,0.0
0.0,3.26,0.0,0.0
0.0,3.05,0.0,0.0
0.0,3.08,0.0,0.0
0.0,3.79,0.0,0.0
0.0,5.01,0.0,0.0
0.0,4.93,0.0,0.0
0.0,6.14,0.0,0.0
0.0,5.91,0.0,0.0
0.0,5.42,0.0,0.0
0.0,5.55,0.0,0.0
0.0,4.4,0.0,0.0
0.0,5.25,0.0,0.0
0.0,5.59,0.0,0.0
0.0,3.98,0.0,0.0
0.0,3.7,0.0,0.0
0.0,3.49,0.0,0.0
0.0,3.24,0.0,0.0
0.0,3.57,0.0,0.0
0.0,3.25,0.0,0.0
0.0,3.32,0.0,0.0
0.0,2.9,0.0,0.0
0.0,5.46,0.0,0.0
0.0,1.23,0.0,0.0
0.0,1.27,0.0,0.0
0.0,1.94,0.0,0.0
0.0,2.76,0.0,0.0
1.17,2.63,1.17,1.17
1.61,3.98,1.61,1.61
1.77,3.25,1.77,1.77
1.73,3.08,1.73,1.73
1.64,4.79,1.64,1.64
1.45,4.57,1.45,1.45
0.77,2.21,0.77,0.77
0.35,2.56,0.35,0.35
-1.0,3.82,-1.0,-1.0
-0.53,3.67,-0.53,-0.53
-0.91,2.86,-0.91,-0.91
-0.89,3.11,-0.89,-0.89
-1.11,2.54,-1.11,-1.11
-2.06,2.46,-2.06,-2.06
-2.3,1.7,-2.3,-2.3
-1.91,1.2,-1.91,-1.91
-2.38,0.41,-2.38,-2.38
-2.59,1.15,-3.095,-2.59
-3.01,0.0,-2.954,-3.01
-3.48,-0.06,-14.492,-3.48
-2.11,0.3,-1.042,-2.11
0.0,0.93,0.0,0.0
0.0,2.05,0.0,0.0
0.0,1.47,0.0,0.0
0.0,0.86,0.0,0.0
0.0,0.3,0.0,0.0
2.03,1.31,2.03,2.03
0.0,0.94,0.0,0.0
1.7,0.39,1.7,1.7
1.07,0.36,1.07,1.07
0.58,-0.37,0.58,0.58
-0.05,-0.36,-0.05,-0.05
0.0,0.76,0.0,0.0
0.0,0.68,0.0,0.0
0.0,-0.06,-11.32,0.0
0.0,-0.37,-15.144,0.0
0.0,-1.37,-11.445,0.0
0.0,-1.7,-13.875,0.0
0.0,-1.49,-14.17,0.0
0.0,-0.95,-17.701,0.0
0.0,-0.95,-17.127,0.0
0.0,-0.59,-15.908,0.0
0.0,-1.03,-15.7,0.0
0.0,-0.82,-18.126,0.0
0.0,-0.75,-2.625,0.0
0.0,-0.91,-3.965,0.0
0.0,0.4,0.0,0.0
0.0,-0.35,0.0,0.0
0.0,-1.08,0.0,0.0
0.0,0.24,0.0,0.0
0.0,0.17,0.0,0.0
0.0,0.61,0.0,0.0
0.0,0.72,0.0,0.0
0.0,0.46,0.0,0.0
0.0,-0.24,0.0,0.0
-0.51,0.89,-0.51,-0.51
-1.5,1.46,-1.5,-1.5
-1.95,1.62,-1.95,-1.95
-2.9,1.7,-2.9,-2.9
-2.72,0.49,-13.514,-2.72
-3.41,0.44,-12.393,-3.41
-3.02,0.4,-12.007,-3.02
-2.99,-0.08,-7.355,-2.99
-2.85,0.13,-6.149,-2.85
-3.37,-0.17,-6.337,-3.37
-3.67,0.07,-6.374,-3.67
-3.28,-0.49,-6.286,-3.28
-3.87,-0.04,-11.724,-3.87
-4.07,-0.46,-2.063,-4.07
0.0,-0.9,0.0,0.0
0.0,0.94,0.0,0.0
0.0,-0.14,0.0,0.0
2.05,-0.52,2.05,2.05
2.53,-0.09,2.53,2.53
2.75,1.35,2.75,2.75
2.57,0.98,2.57,2.57
2.23,0.79,2.23,2.23
1.77,0.73,1.77,1.77
0.95,2.03,0.95,0.95
-0.26,2.22,-0.26,-0.26
-3.87,2.4,-3.87,-3.87
-4.16,2.88,-4.16,-4.16
-4.43,2.39,-4.43,-4.43
-5.06,0.33,-5.06,-5.06
-4.16,-0.07,-4.16,-4.16
-3.51,-0.38,-3.51,-3.51
-4.45,0.32,-4.45,-4.45
0.0,1.3,-13.471,0.0
0.0,1.23,-1.87,0.0
-3.02,0.97,-2.681,-3.02
-2.14,-0.87,-7.909,-2.14
-4.71,0.49,-10.672,-4.71
-3.69,0.41,-0.346,-3.69
0.0,-0.01,0.0,0.0
0.67,0.34,0.67,0.67
1.51,-0.56,1.51,1.51
2.34,-0.57,2.34,2.34
2.62,1.4,2.62,2.62
2.82,1.35,2.82,2.82
2.97,1.71,2.97,2.97
2.31,1.3,2.31,2.31
1.94,1.94,1.94,1.94
1.29,1.25,1.29,1.29
0.41,1.96,0.41,0.41
-1.55,3.1,-1.55,-1.55
-2.36,2.91,-2.36,-2.36
-2.53,2.57,-2.53,-2.53
-1.98,1.72,-1.98,-1.98
-2.34,0.75,-2.34,-2.34
-3.19,0.3,-3.19,-3.19
-1.96,-0.45,-1.96,-1.96
-1.94,-0.4,-1.94,-1.94
-2.65,-1.03,-2.65,-2.65
-2.47,-1.27,-2.47,-2.47
-2.13,-0.66,-2.13,-2.13
-3.12,-0.86,-3.12,-3.12
-2.23,-0.64,-2.23,-2.23
0.26,-0.35,0.26,0.26
1.7,1.74,1.7,1.7
2.65,1.4,2.65,2.65
3.27,1.17,3.27,3.27
3.89,3.5,3.89,3.89
3.68,3.77,3.68,3.68
3.97,3.92,3.97,3.97
3.46,4.97,3.46,3.46
2.72,5.43,2.72,2.72
1.91,4.06,1.91,1.91
0.42,4.27,0.42,0.42
-4.23,4.16,-4.23,-4.23
-3.1,2.05,-3.1,-3.1
-5.07,1.11,-5.07,-5.07
-3.57,-0.13,-3.57,-3.57
-4.71,-1.44,-4.71,-4.71
-4.63,-1.81,-4.63,-4.63
-4.65,-1.52,-4.65,-4.65
-4.76,-0.9,-4.76,-4.76
-6.41,-1.45,-6.41,-6.41
-6.74,-1.84,-6.74,-6.74
-6.72,-1.1,-6.72,-6.72
-7.08,-1.51,-7.08,-7.08
-4.29,-1.16,-4.29,-4.29
0.19,-0.29,0.19,0.19
1.84,1.66,1.84,1.84
3.21,3.8,3.21,3.21
4.52,4.59,4.52,4.52
5.32,6.71,5.32,5.32
5.3,7.31,5.3,5.3
5.06,7.47,5.06,5.06
4.41,7.99,4.41,4.41
3.54,8.2,3.54,3.54
2.65,6.11,2.65,2.65
0.43,6.04,0.43,0.43
-4.93,6.04,-4.93,-4.93
-4.25,5.35,-4.25,-4.25
-4.53,2.82,-4.53,-4.53
-5.53,2.11,-5.53,-5.53
-5.64,1.58,-5.64,-5.64
-4.44,0.06,-4.44,-4.44
-3.73,-0.02,-3.73,-3.73
-4.49,-0.41,-4.49,-4.49
-4.28,-1.19,-4.28,-4.28
-4.77,-1.85,-4.77,-4.77
-5.79,0.57,-5.79,-5.79
-6.01,0.59,-6.01,-6.01
-3.52,0.29,-3.52,-3.52
0.48,-0.01,0.48,0.48
2.14,3.12,2.14,2.14
3.56,4.12,3.56,3.56
4.62,3.48,4.62,4.62
5.26,4.33,5.26,5.26
5.64,5.63,5.64,5.64
5.3,6.09,5.3,5.3
4.69,6.09,4.69,4.69
3.55,7.49,3.55,3.55
2.75,6.41,2.75,2.75
0.9,5.91,0.9,0.9
-3.96,5.92,-3.96,-3.96
-4.05,4.18,-4.05,-4.05
-2.94,3.04,-2.94,-2.94
-2.1,1.16,-2.1,-2.1
-1.69,0.62,-1.69,-1.69
-2.63,-0.45,-2.63,-2.63
-3.17,-0.83,-3.17,-3.17
-2.05,-0.48,-2.05,-2.05
-1.76,-0.26,-1.76,-1.76
-1.42,-0.69,-1.42,-1.42
-1.75,1.82,-1.75,-1.75
-0.72,2.14,-0.72,-0.72
-0.3,1.56,-0.3,-0.3
1.06,1.26,1.06,1.06
2.38,3.79,2.38,2.38
3.55,3.41,3.55,3.55
4.15,3.48,4.15,4.15
4.54,4.79,4.54,4.54
4.41,4.6,4.41,4.41
3.93,4.98,3.93,3.93
3.37,4.22,3.37,3.37
2.76,4.94,2.76,2.76
1.74,3.73,1.74,1.74
0.82,3.84,0.82,0.82
-0.02,4.45,-0.02,-0.02
0.06,4.39,0.06,0.06
0.0,4.73,0.0,0.0
-0.92,2.81,-0.92,-0.92
-0.66,2.74,-0.66,-0.66
-0.55,2.17,-0.55,-0.55
-1.03,2.39,-1.03,-1.03
0.03,2.54,0.03,0.03
-0.78,2.08,-0.78,-0.78
-0.96,2.21,-0.96,-0.96
-0.21,2.11,-0.21,-0.21
-0.07,2.57,-0.07,-0.07
-0.13,2.57,-0.13,-0.13
0.72,2.66,0.72,0.72
1.2,2.87,1.2,1.2
1.52,2.71,1.52,1.52
1.37,2.1,1.37,1.37
2.09,2.64,2.09,2.09
1.66,1.87,1.66,1.66
1.46,0.92,1.46,1.46
1.07,0.12,1.07,1.07
-3.888,0.08,-3.888,-3.888
0.67,0.63,0.67,0.67
0.41,1.38,0.41,0.41
-0.87,2.06,-0.87,-0.87
-2.04,2.18,-2.04,-2.04
-1.14,1.75,-1.14,-1.14
-1.6,-0.43,-1.6,-1.6
-1.81,0.11,-1.81,-1.81
-0.61,0.23,-0.61,-0.61
-0.85,0.75,-0.85,-0.85
-1.2,0.91,-1.2,-1.2
-0.87,0.7,-0.87,-0.87
-1.04,0.98,-1.04,-1.04
-2.4,0.73,-2.4,-2.4
-2.1,0.16,-1.283,-2.1
-1.86,0.25,-0.191,-1.86
0.68,0.56,0.68,0.68
1.85,1.6,1.85,1.85
2.85,4.67,2.85,2.85
3.63,5.0,3.63,3.63
4.16,5.96,4.16,4.16
4.31,5.72,4.31,4.31
4.16,5.44,4.16,4.16
3.78,7.72,3.78,3.78
3.02,7.75,3.02,3.02
2.08,6.27,2.08,2.08
-0.06,6.07,-0.06,-0.06
-4.26,6.18,-4.26,-4.26
-3.44,5.44,-3.44,-3.44
-3.05,3.54,-3.05,-3.05
-2.49,0.54,-2.49,-2.49
-1.02,0.66,-1.02,-1.02
-0.6,1.35,-0.6,-0.6
0.0,3.88,0.0,0.0
-0.75,3.82,-0.75,-0.75
-1.12,3.5,-1.12,-1.12
-0.79,2.39,-0.79,-0.79
-0.16,2.75,-0.16,-0.16
-0.1,2.5,-0.1,-0.1
0.07,1.9,0.07,0.07
0.32,0.18,0.32,0.32
0.76,0.24,0.76,0.76
1.35,-0.33,1.35,1.35
1.82,0.5,1.82,1.82
-1.83,1.18,-1.83,-1.83
2.94,1.85,2.94,2.94
3.13,1.61,3.13,3.13
2.8,1.85,2.8,2.8
2.32,1.87,2.32,2.32
1.58,2.96,1.58,1.58
0.75,2.91,0.75,0.75
0.12,2.78,0.12,0.12
0.06,2.98,0.06,0.06
-0.59,2.5,-0.59,-0.59
-0.04,2.26,-0.04,-0.04
-0.68,2.28,-0.68,-0.68
-1.02,1.92,-1.02,-1.02
-1.26,2.05,-1.26,-1.26
-0.62,1.9,-0.62,-0.62
-0.99,1.44,-0.99,-0.99
-1.66,0.56,-1.66,-1.66
-0.46,1.63,-0.46,-0.46
-0.87,1.3,-0.87,-0.87
0.11,1.65,0.11,0.11
0.77,1.96,0.77,0.77
1.94,4.42,1.94,1.94
3.38,5.1,3.38,3.38
3.76,5.08,3.76,3.76
3.83,6.14,3.83,3.83
4.13,6.66,4.13,4.13
4.01,5.7,4.01,4.01
3.74,6.16,3.74,3.74
2.87,5.99,2.87,2.87
1.99,5.09,1.99,1.99
0.69,4.97,0.69,0.69
-2.92,5.32,-2.92,-2.92
-3.65,7.82,-3.65,-3.65
-0.93,6.63,-0.93,-0.93
-1.19,6.35,-1.19,-1.19
-0.05,6.01,-0.05,-0.05
-0.17,6.04,-0.17,-0.17
-0.29,5.89,-0.29,-0.29
0.09,5.3,0.09,0.09
-0.16,5.29,-0.16,-0.16
-0.56,5.16,-0.56,-0.56
-0.88,6.1,-0.88,-0.88
-1.97,5.78,-1.97,-1.97
-0.7,5.25,-0.7,-0.7
0.94,5.93,0.94,0.94
2.07,6.53,2.07,2.07
2.88,6.19,2.88,2.88
3.32,6.24,3.32,3.32
3.22,6.74,3.22,3.22
3.56,6.7,3.56,3.56
3.26,7.37,3.26,3.26
2.82,6.83,2.82,2.82
2.56,6.49,2.56,2.56
2.2,5.9,2.2,2.2
0.87,5.89,0.87,0.87
-2.58,5.71,-2.58,-2.58
-0.4,5.21,-0.4,-0.4
-0.96,5.17,-0.96,-0.96
-0.26,5.53,-0.26,-0.26
-0.19,4.72,-0.19,-0.19
0.09,4.05,0.09,0.09
-0.05,6.96,-0.05,-0.05
-0.24,2.72,-0.24,-0.24
-0.07,1.95,-0.07,-0.07
-1.25,1.66,-1.25,-1.25
-0.91,1.82,-0.91,-0.91
-0.94,2.7,-0.94,-0.94
-0.02,2.92,-0.02,-0.02
1.2,2.78,1.2,1.2
1.97,5.23,1.97,1.97
2.98,6.43,2.98,2.98
4.03,6.06,4.03,4.03
4.06,6.46,4.06,4.06
4.61,6.2,4.61,4.61
4.72,6.14,4.72,4.72
3.58,6.3,3.58,3.58
3.3,6.29,3.3,3.3
2.39,5.66,2.39,2.39
0.86,4.97,0.86,0.86
-0.89,5.08,-0.89,-0.89
-0.22,5.67,-0.22,-0.22
0.19,5.25,0.19,0.19
0.38,5.25,0.38,0.38
0.21,5.1,0.21,0.21
0.02,4.7,0.02,0.02
-0.17,4.81,-0.17,-0.17
-0.16,4.82,-0.16,-0.16
0.14,3.99,0.14,0.14
-0.17,3.4,-0.17,-0.17
0.26,3.96,0.26,0.26
-0.79,3.99,-0.79,-0.79
0.08,2.64,0.08,0.08
1.28,2.8,1.28,1.28
2.05,4.41,2.05,2.05
2.82,4.69,2.82,2.82
3.6,4.01,3.6,3.6
2.77,5.01,2.77,2.77
3.78,5.11,3.78,3.78
3.11,4.81,3.11,3.11
2.72,4.62,2.72,2.72
1.99,4.18,1.99,1.99
1.59,2.23,1.59,1.59
0.57,1.46,0.57,0.57
0.17,2.29,0.17,0.17
0.21,2.79,0.21,0.21
-0.55,2.4,-0.55,-0.55
-0.48,1.89,-0.48,-0.48
-0.47,1.16,-0.555,-0.47
0.0,1.28,0.0,0.0
0.0,1.23,0.0,0.0
0.0,0.95,0.0,0.0
0.0,0.29,-8.775,0.0
0.0,0.9,-8.823,0.0
0.0,-0.73,-13.398,0.0
0.0,-0.35,-13.657,0.0
0.0,0.43,-1.042,0.0
0.0,1.41,0.0,0.0
0.0,2.43,0.0,0.0
0.0,2.34,0.0,0.0
0.0,1.32,0.0,0.0
0.0,2.18,0.0,0.0
0.0,2.05,0.0,0.0
2.42,2.15,2.42,2.42
2.21,2.69,2.21,2.21
1.82,2.98,1.82,1.82
1.31,2.15,1.31,1.31
0.57,2.78,0.57,0.57
-0.9,3.1,-0.9,-0.9
-2.71,3.38,-2.71,-2.71
-0.91,3.58,-0.91,-0.91
-0.57,2.5,-0.57,-0.57
-1.19,2.24,-1.19,-1.19
-1.49,2.34,-1.49,-1.49
-1.64,2.24,-1.64,-1.64
-2.57,2.51,-2.57,-2.57
-2.25,1.97,-2.25,-2.25
-2.24,1.64,-2.24,-2.24
-2.32,0.35,-2.32,-2.32
-4.55,0.48,-4.55,-4.55
-2.34,0.06,-2.34,-2.34
0.48,0.85,0.48,0.48
1.58,3.15,1.58,1.58
2.6,2.99,2.6,2.6
2.99,5.43,2.99,2.99
3.78,5.86,3.78,3.78
3.37,5.97,3.37,3.37
3.25,6.11,3.25,3.25
3.02,5.74,3.02,3.02
2.47,5.1,2.47,2.47
1.83,3.38,1.83,1.83
0.73,3.82,0.73,0.73
-0.67,4.49,-0.67,-0.67
-1.01,5.08,-1.01,-1.01
-1.2,4.73,-1.2,-1.2
-0.16,4.59,-0.16,-0.16
-0.58,4.47,-0.58,-0.58
-1.58,4.76,-1.58,-1.58
-1.3,4.25,-1.3,-1.3
-1.53,4.02,-1.53,-1.53
-0.89,3.3,-0.89,-0.89
-1.5,3.25,-1.5,-1.5
-1.01,2.84,-1.01,-1.01
-1.77,2.75,-1.77,-1.77
-0.25,3.06,-0.25,-0.25
0.94,3.49,0.94,0.94
1.98,5.8,1.98,1.98
2.8,6.04,2.8,2.8
3.6,5.93,3.6,3.6
3.63,6.72,3.63,3.63
3.99,6.92,3.99,3.99
3.83,7.11,3.83,3.83
3.35,8.06,3.35,3.35
2.64,10.05,2.64,2.64
1.65,4.65,1.65,1.65
0.79,4.1,0.79,0.79
-0.52,4.26,-0.52,-0.52
-0.89,2.92,-0.89,-0.89
-1.18,1.97,-1.18,-1.18
-1.85,1.46,-1.85,-1.85
-1.48,0.53,-1.48,-1.48
-1.26,0.51,-1.26,-1.26
-3.36,0.55,-3.36,-3.36
-3.34,0.59,-3.34,-3.34
-3.91,0.15,-3.91,-3.91
-4.21,0.07,-4.21,-4.21
-3.36,1.47,-3.36,-3.36
-3.64,0.8,-3.64,-3.64
-1.46,1.97,-1.46,-1.46
0.77,2.23,0.77,0.77
1.9,5.38,1.9,1.9
3.47,6.37,3.47,3.47
3.98,5.88,3.98,3.98
4.73,7.64,4.73,4.73
4.92,8.3,4.92,4.92
4.84,9.5,4.84,4.84
4.29,9.08,4.29,4.29
3.55,9.1,3.55,3.55
2.46,8.41,2.46,2.46
1.1,8.25,1.1,1.1
-1.26,8.49,-1.26,-1.26
-1.2,7.28,-1.2,-1.2
-1.7,7.36,-1.7,-1.7
-0.29,4.57,-0.29,-0.29
-0.25,3.98,-0.25,-0.25
-0.86,4.15,-0.86,-0.86
-0.63,3.68,-0.63,-0.63
-0.79,3.69,-0.79,-0.79
-0.41,3.01,-0.41,-0.41
-0.09,3.21,-0.09,-0.09
-1.9,1.81,-1.9,-1.9
-1.25,1.81,-1.25,-1.25
0.01,1.45,0.01,0.01
0.97,1.67,0.97,0.97
1.76,2.87,1.76,1.76
3.23,3.12,3.23,3.23
3.72,3.25,3.72,3.72
4.41,3.53,4.41,4.41
4.31,3.65,4.31,4.31
4.4,3.79,4.4,4.4
3.83,3.04,3.83,3.83
2.59,2.93,2.59,2.59
2.2,3.29,2.2,2.2
1.04,2.74,1.04,1.04
0.24,1.77,0.24,0.24
0.19,2.06,0.19,0.19
-0.79,1.53,-0.79,-0.79
-0.33,1.77,-0.33,-0.33
0.03,1.73,0.03,0.03
0.02,1.27,0.02,0.02
-0.14,1.35,-0.14,-0.14
-0.02,1.1,-0.02,-0.02
-0.46,0.86,-0.46,-0.46
-0.75,1.11,-1.33,-0.75
-0.61,0.58,-0.692,-0.61
-0.89,0.97,-0.415,-0.89
0.0,1.18,0.0,0.0
1.21,1.21,1.21,1.21
1.78,4.39,1.78,1.78
2.82,4.36,2.82,2.82
3.76,4.37,3.76,3.76
4.31,5.8,4.31,4.31
4.06,5.39,4.06,4.06
3.72,5.3,3.72,3.72
4.11,5.15,4.11,4.11
3.41,4.71,3.41,3.41
2.56,3.31,2.56,2.56
1.26,2.61,1.26,1.26
-0.19,3.09,-0.19,-0.19
-1.68,2.83,-1.68,-1.68
-0.77,3.38,-0.77,-0.77
-0.58,3.04,-0.58,-0.58
-0.64,2.18,-0.64,-0.64
-0.4,1.97,-0.4,-0.4
-0.59,1.88,-0.59,-0.59
-0.17,1.42,-0.17,-0.17
-0.53,1.65,-0.53,-0.53
-0.41,1.71,-0.41,-0.41
-0.35,2.23,-0.35,-0.35
-0.62,2.18,-0.62,-0.62
0.27,2.44,0.27,0.27
1.26,3.92,1.26,1.26
2.11,4.17,2.11,2.11
2.91,5.25,2.91,2.91
3.37,4.77,3.37,3.37
4.29,4.73,4.29,4.29
4.31,4.92,4.31,4.31
4.63,3.78,4.63,4.63
3.64,3.11,3.64,3.64
2.61,2.6,2.61,2.61
2.06,1.89,2.06,2.06
0.97,2.3,0.97,0.97
0.34,2.33,0.34,0.34
-0.35,3.33,-0.35,-0.35
0.2,3.05,0.2,0.2
0.02,3.28,0.02,0.02
-0.58,3.24,-0.58,-0.58
-0.31,3.47,-0.31,-0.31
-0.22,3.49,-0.22,-0.22
-0.01,3.49,-0.01,-0.01
-1.24,2.79,-1.24,-1.24
-0.87,2.54,-0.87,-0.87
0.0,1.14,0.0,0.0
0.0,1.12,0.0,0.0
0.0,1.11,0.0,0.0
0.0,2.04,0.0,0.0
0.0,3.39,0.0,0.0
3.03,3.44,3.03,3.03
3.76,3.03,3.76,3.76
4.19,4.32,4.19,4.19
4.0,5.02,4.0,4.0
4.1,3.87,4.1,4.1
3.82,5.01,3.82,3.82
2.76,4.41,2.76,2.76
1.91,3.94,1.91,1.91
1.1,4.03,1.1,1.1
0.44,3.81,0.44,0.44
0.3,4.18,0.3,0.3
-0.09,3.68,-0.09,-0.09
0.3,2.86,0.3,0.3
0.0,2.45,0.0,0.0
0.16,2.81,0.16,0.16
0.11,2.53,0.11,0.11
-0.15,2.2,-0.15,-0.15
-0.26,1.88,-0.26,-0.26
-0.26,1.67,-0.26,-0.26
-0.127,0.83,-1.849,-0.127
-0.66,0.77,-12.954,-0.66
-0.11,0.64,-1.01,-0.11
0.0,0.95,0.0,0.0
0.0,1.36,0.0,0.0
0.0,1.38,0.0,0.0
0.0,1.11,0.0,0.0
0.0,2.92,0.0,0.0
0.0,2.28,0.0,0.0
0.0,1.66,0.0,0.0
0.0,2.67,0.0,0.0
0.0,2.53,0.0,0.0
0.0,3.51,0.0,0.0
0.47,2.94,0.47,0.47
-0.56,2.72,-0.56,-0.56
-1.39,2.51,-1.39,-1.39
-2.46,2.61,-2.46,-2.46
-1.36,0.93,-1.282,-1.36
0.0,1.52,0.0,0.0
0.0,0.77,0.0,0.0
0.0,-0.12,-10.728,0.0
0.0,-0.21,-11.519,0.0
0.0,-0.49,-10.738,0.0
0.0,-0.36,-7.697,0.0
0.0,-2.55,-7.03,0.0
0.0,-2.4,-6.527,0.0
0.0,-2.25,-2.688,0.0
0.0,-2.24,-0.783,0.0
0.0,2.55,0.0,0.0
0.0,3.8,0.0,0.0
0.0,3.23,0.0,0.0
3.35,5.15,3.35,3.35
3.51,5.16,3.51,3.51
3.17,4.98,3.17,3.17
2.79,5.52,2.79,2.79
2.16,4.93,2.16,2.16
1.51,4.95,1.51,1.51
-0.18,4.75,-0.18,-0.18
-4.1,4.35,-4.1,-4.1
-4.96,2.32,-4.96,-4.96
-3.91,0.41,-3.91,-3.91
-3.58,-1.54,-3.58,-3.58
-4.47,-2.38,-4.47,-4.47
-4.8,-2.91,-4.8,-4.8
-4.91,-3.13,-4.91,-4.91
-4.14,-3.47,-4.14,-4.14
-5.93,-4.23,-5.93,-5.93
-8.01,-4.32,-8.01,-8.01
-10.5,-4.1,-10.5,-10.5
-11.13,-3.88,-11.13,-11.13
-7.36,-3.88,-7.36,-7.36
-1.7,-3.0,-1.7,-1.7
0.89,3.89,0.89,0.89
2.39,4.81,2.39,2.39
3.51,3.79,3.51,3.51
4.09,5.43,4.09,4.09
4.41,5.58,4.41,4.41
4.35,5.29,4.35,4.35
3.7,5.66,3.7,3.7
3.04,5.47,3.04,3.04
2.15,4.31,2.15,2.15
0.86,4.27,0.86,0.86
-0.75,5.03,-0.75,-0.75
-2.39,5.05,-2.39,-2.39
-2.07,4.58,-2.07,-2.07
-0.64,3.32,-0.64,-0.64
-1.11,3.32,-1.11,-1.11
-0.47,2.95,-0.47,-0.47
-0.17,2.9,-0.17,-0.17
-0.67,2.53,-0.67,-0.67
-1.72,1.91,-1.72,-1.72
-1.04,1.64,-1.04,-1.04
-1.83,1.04,-1.83,-1.83
-1.79,1.21,-1.79,-1.79
0.21,0.77,0.21,0.21
0.7,0.6,0.7,0.7
1.62,0.22,1.62,1.62
2.07,0.21,2.07,2.07
2.38,0.13,2.38,2.38
2.19,-0.14,2.19,2.19
2.18,-0.29,2.18,2.18
0.0,0.06,0.0,0.0
2.21,0.24,2.21,2.21
1.87,0.35,1.87,1.87
1.66,0.3,1.66,1.66
1.11,0.83,1.11,1.11
0.0,1.19,0.0,0.0
0.0,1.71,0.0,0.0
0.0,1.59,0.0,0.0
0.0,1.84,0.0,0.0
0.0,1.8,0.0,0.0
0.0,1.91,0.0,0.0
0.0,1.98,0.0,0.0
0.0,2.22,0.0,0.0
0.0,1.95,0.0,0.0
0.0,1.7,0.0,0.0
0.0,1.59,0.0,0.0
0.0,1.14,0.0,0.0
0.0,1.09,0.0,0.0
0.0,2.11,0.0,0.0
2.68,3.97,2.68,2.68
4.52,4.08,4.52,4.52
4.87,4.02,4.87,4.87
5.6,5.03,5.6,5.6
4.31,4.62,4.31,4.31
5.61,4.47,5.61,5.61
6.16,5.44,6.16,6.16
5.14,4.66,5.14,5.14
3.74,4.68,3.74,3.74
2.63,3.76,2.63,2.63
1.06,3.37,1.06,1.06
-0.49,3.42,-0.49,-0.49
0.08,1.74,0.08,0.08
0.77,1.06,0.77,0.77
0.21,1.64,0.21,0.21
0.88,1.2,0.88,0.88
-0.27,1.43,-0.27,-0.27
0.44,1.42,0.44,0.44
-1.18,1.0,-1.18,-1.18
-1.43,0.88,-1.43,-1.43
-1.17,1.59,-1.17,-1.17
-1.19,1.46,-1.19,-1.19
1.05,1.86,1.05,1.05
2.68,2.33,2.68,2.68
3.78,3.6,3.78,3.78
4.2,3.81,4.2,4.2
5.36,3.56,5.36,5.36
6.44,5.23,6.44,6.44
6.91,5.21,6.91,6.91
6.45,5.58,6.45,6.45
6.18,5.56,6.18,6.18
5.71,5.9,5.71,5.71
4.18,4.02,4.18,4.18
3.45,3.26,3.45,3.45
2.34,3.79,2.34,2.34
0.49,3.93,0.49,0.49
1.04,3.2,1.04,1.04
0.9,2.92,0.9,0.9
0.75,2.21,0.75,0.75
0.74,1.98,0.74,0.74
0.73,1.84,0.73,0.73
-0.24,1.89,-0.24,-0.24
-0.71,1.83,-0.71,-0.71
-0.75,2.17,-0.75,-0.75
-1.02,2.61,-1.02,-1.02
-0.11,2.59,-0.11,-0.11
1.64,2.74,1.64,1.64
3.58,3.79,3.58,3.58
5.04,5.62,5.04,5.04
6.44,5.5,6.44,6.44
8.14,5.75,8.14,8.14
10.35,7.43,10.35,10.35
9.96,7.81,9.96,9.96
9.86,8.72,9.86,9.86
8.72,8.56,8.72,8.72
7.88,8.93,7.88,7.88
6.91,7.9,6.91,6.91
5.4,7.2,5.4,5.4
1.71,6.96,1.71,1.71
-0.19,6.76,-0.19,-0.19
-0.47,5.98,-0.47,-0.47
-0.3,4.97,-0.3,-0.3
-0.58,3.87,-0.58,-0.58
0.77,3.43,0.77,0.77
1.19,3.51,1.19,1.19
1.23,3.74,1.23,1.23
0.53,3.71,0.53,0.53
1.22,2.6,1.22,1.22
1.72,2.67,1.72,1.72
0.28,2.48,0.28,0.28
2.58,2.29,2.58,2.58
4.55,2.18,4.55,4.55
5.51,2.41,5.51,5.51
6.25,2.87,6.25,6.25
6.4,3.26,6.4,6.4
6.84,3.66,6.84,6.84
6.75,3.09,6.75,6.75
7.39,2.69,7.39,7.39
7.01,2.27,7.01,7.01
6.05,2.91,6.05,6.05
4.49,3.7,4.49,4.49
3.35,2.79,3.35,3.35
2.62,3.05,2.62,2.62
2.21,3.55,2.21,2.21
1.63,3.24,1.63,1.63
1.97,2.98,1.97,1.97
1.85,2.81,1.85,1.85
1.34,2.68,1.34,1.34
1.28,2.41,1.28,1.28
0.2,2.63,0.2,0.2
1.08,2.12,1.08,1.08
0.91,2.26,0.91,0.91
0.99,1.86,0.99,0.99
0.1,1.39,0.1,0.1
1.89,1.35,1.89,1.89
3.7,1.78,3.7,3.7
5.12,2.85,5.12,5.12
6.44,3.0,6.44,6.44
7.45,2.87,7.45,7.45
7.51,4.49,7.51,7.51
7.21,3.11,7.21,7.21
7.24,3.8,7.24,7.24
6.44,2.95,6.44,6.44
5.72,2.65,5.72,5.72
4.18,4.33,4.18,4.18
3.28,3.71,3.28,3.28
2.83,3.87,2.83,2.83
2.49,5.01,2.49,2.49
2.37,4.69,2.37,2.37
2.57,4.14,2.57,2.57
2.15,3.95,2.15,2.15
2.05,3.5,2.05,2.05
1.4,2.88,1.4,1.4
1.85,2.71,1.85,1.85
0.78,2.11,0.78,0.78
0.95,1.98,0.95,0.95
0.53,1.76,0.53,0.53
0.44,1.87,0.44,0.44
1.2,1.75,1.2,1.2
2.55,1.9,2.55,2.55
4.09,3.42,4.09,4.09
6.51,4.32,6.51,6.51
8.19,4.41,8.19,8.19
8.1,6.03,8.1,8.1
10.37,6.26,10.37,10.37
9.29,5.76,9.29,9.29
9.7,7.48,9.7,9.7
7.69,8.1,7.69,7.69
5.85,6.83,5.85,5.85
4.22,6.54,4.22,4.22
2.26,6.12,2.26,2.26
-0.3,4.82,-0.3,-0.3
-0.04,4.19,-0.04,-0.04
0.77,2.36,0.77,0.77
-0.6,1.68,-0.6,-0.6
-2.02,1.39,-2.02,-2.02
-2.57,1.32,-2.57,-2.57
-1.88,1.94,-1.88,-1.88
-1.64,1.21,-1.64,-1.64
-1.62,0.44,-1.62,-1.62
-1.94,1.77,-1.94,-1.94
-2.99,1.02,-2.99,-2.99
0.7,1.38,0.7,0.7
3.66,3.09,3.66,3.66
6.32,6.12,6.32,6.32
9.12,6.51,9.12,9.12
10.1,6.71,10.1,10.1
11.05,8.14,11.05,11.05
7.73,8.2,7.73,7.73
9.21,7.85,9.21,9.21
7.51,8.44,7.51,7.51
7.08,7.43,7.08,7.08
5.83,7.42,5.83,5.83
4.93,6.59,4.93,4.93
3.42,6.84,3.42,3.42
3.14,5.33,3.14,3.14
2.56,5.88,2.56,2.56
2.43,5.76,2.43,2.43
2.79,5.1,2.79,2.79
2.29,4.95,2.29,2.29
2.04,4.46,2.04,2.04
1.86,4.61,1.86,1.86
2.07,3.97,2.07,2.07
2.38,3.76,2.38,2.38
1.82,4.37,1.82,1.82
2.35,4.38,2.35,2.35
3.1,3.91,3.1,3.1
3.85,3.63,3.85,3.85
4.85,5.79,4.85,4.85
5.34,5.76,5.34,5.34
6.41,5.4,6.41,6.41
6.49,6.66,6.49,6.49
7.11,6.54,7.11,7.11
6.84,7.18,6.84,6.84
6.45,6.97,6.45,6.45
7.41,6.96,7.41,7.41
6.5,6.35,6.5,6.5
5.39,6.37,5.39,5.39
4.17,6.79,4.17,4.17
4.14,6.89,4.14,4.14
3.64,6.55,3.64,3.64
3.12,6.2,3.12,3.12
2.37,5.72,2.37,2.37
2.53,5.49,2.53,2.53
2.61,5.1,2.61,2.61
2.54,5.14,2.54,2.54
2.09,4.76,2.09,2.09
2.01,4.71,2.01,2.01
1.7,4.71,1.7,1.7
1.27,4.76,1.27,1.27
2.79,4.33,2.79,2.79
4.46,4.85,4.46,4.46
5.84,6.63,5.84,5.84
6.92,6.41,6.92,6.92
7.25,6.23,7.25,7.25
8.62,7.25,8.62,8.62
8.72,7.71,8.72,8.72
8.21,7.54,8.21,8.21
8.85,7.92,8.85,8.85
7.95,7.76,7.95,7.95
7.9,7.63,7.9,7.9
6.96,7.69,6.96,6.96
4.7,7.79,4.7,4.7
3.71,7.76,3.71,3.71
3.6,7.26,3.6,3.6
3.11,6.45,3.11,3.11
2.29,6.07,2.29,2.29
2.86,5.89,2.86,2.86
2.89,5.73,2.89,2.89
3.22,5.64,3.22,3.22
3.22,5.24,3.22,3.22
3.25,5.17,3.25,3.25
2.77,5.59,2.77,2.77
2.73,6.33,2.73,2.73
4.04,5.98,4.04,4.04
5.25,6.37,5.25,5.25
6.55,7.69,6.55,6.55
8.41,8.67,8.41,8.41
10.93,8.73,10.93,10.93
12.57,10.09,12.57,12.57
12.55,10.81,12.55,12.55
10.76,10.26,10.76,10.76
10.0,10.2,10.0,10.0
10.05,10.0,10.05,10.05
7.8,9.15,7.8,7.8
6.87,8.95,6.87,6.87
4.76,7.9,4.76,4.76
3.29,7.68,3.29,3.29
3.92,6.85,3.92,3.92
3.09,7.07,3.09,3.09
2.37,7.08,2.37,2.37
3.37,7.11,3.37,3.37
2.77,6.52,2.77,2.77
3.25,6.45,3.25,3.25
3.31,6.46,3.31,3.31
2.98,6.25,2.98,2.98
3.78,6.6,3.78,3.78
3.64,6.54,3.64,3.64
4.48,5.9,4.48,4.48
5.56,5.24,5.56,5.56
5.94,5.44,5.94,5.94
7.36,5.63,7.36,7.36
7.82,5.12,7.82,7.82
8.71,5.03,8.71,8.71
9.53,5.35,9.53,9.53
9.25,5.79,9.25,9.25
8.86,6.78,8.86,8.86
8.11,6.65,8.11,8.11
7.65,8.3,7.65,7.65
5.89,7.46,5.89,5.89
4.51,7.55,4.51,4.51
3.33,7.29,3.33,3.33
4.04,6.69,4.04,4.04
3.65,6.59,3.65,3.65
3.76,6.65,3.76,3.76
3.78,6.54,3.78,3.78
3.34,5.73,3.34,3.34
3.56,6.31,3.56,3.56
2.95,5.68,2.95,2.95
3.04,5.71,3.04,3.04
3.45,4.63,3.45,3.45
3.74,4.66,3.74,3.74
4.2,4.41,4.2,4.2
4.84,4.73,4.84,4.84
5.85,6.07,5.85,5.85
6.64,6.67,6.64,6.64
7.65,7.33,7.65,7.65
8.57,7.93,8.57,8.57
10.04,7.68,10.04,10.04
10.37,7.46,10.37,10.37
10.15,8.68,10.15,10.15
8.54,8.98,8.54,8.54
7.17,9.04,7.17,7.17
6.25,8.71,6.25,6.25
4.22,7.44,4.22,4.22
3.23,7.09,3.23,3.23
2.4,6.15,2.4,2.4
2.31,5.51,2.31,2.31
1.96,5.24,1.96,1.96
2.48,5.04,2.48,2.48
2.13,4.88,2.13,2.13
1.63,4.77,1.63,1.63
1.05,4.13,1.05,1.05
1.17,4.13,1.17,1.17
0.74,4.16,0.74,0.74
0.18,3.87,0.18,0.18
3.32,3.93,3.32,3.32
6.09,5.55,6.09,6.09
8.48,9.47,8.48,8.48
11.43,10.69,11.43,11.43
12.71,11.15,12.71,12.71
13.77,12.1,13.77,13.77
13.75,13.17,13.75,13.75
13.09,14.4,13.09,13.09
11.35,12.98,11.35,11.35
9.59,13.66,9.59,9.59
8.37,9.32,8.37,8.37
6.38,9.56,6.38,6.38
4.44,9.26,4.44,4.44
3.25,7.55,3.25,3.25
2.29,5.87,2.29,2.29
1.58,5.58,1.58,1.58
1.37,4.52,1.37,1.37
0.3,4.33,0.3,0.3
0.91,4.0,0.91,0.91
-0.34,4.15,-0.34,-0.34
-0.78,3.05,-0.78,-0.78
-1.61,2.4,-1.61,-1.61
-1.82,3.87,-1.82,-1.82
-0.74,3.51,-0.74,-0.74
2.38,3.95,2.38,2.38
5.87,6.25,5.87,5.87
9.64,10.08,9.64,9.64
10.23,10.87,10.23,10.23
13.38,11.5,13.38,13.38
13.53,12.94,13.53,13.53
12.48,13.46,12.48,12.48
12.62,13.24,12.62,12.62
12.26,13.84,12.26,12.26
10.59,13.41,10.59,10.59
8.42,11.55,8.42,8.42
7.25,11.23,7.25,7.25
3.69,10.58,3.69,3.69
1.11,9.05,1.11,1.11
1.61,6.93,1.61,1.61
1.3,5.81,1.3,1.3
0.5,4.74,0.5,0.5
-1.27,4.32,-1.27,-1.27
-0.79,3.86,-0.79,-0.79
-0.99,3.95,-0.99,-0.99
-1.49,3.24,-1.49,-1.49
-0.98,2.95,-0.98,-0.98
-1.56,2.87,-1.56,-1.56
-1.43,2.7,-1.43,-1.43
2.32,3.42,2.32,2.32
5.43,4.63,5.43,5.43
9.21,10.04,9.21,9.21
12.56,11.52,12.56,12.56
14.16,12.24,14.16,14.16
15.05,14.75,15.05,15.05
13.63,15.22,13.63,13.63
12.49,14.04,12.49,12.49
12.36,14.14,12.36,12.36
10.93,12.6,10.93,10.93
10.34,11.45,10.34,10.34
7.84,10.92,7.84,7.84
3.99,10.37,3.99,3.99
1.01,8.67,1.01,1.01
0.38,7.23,0.38,0.38
1.43,5.79,1.43,1.43
1.34,4.8,1.34,1.34
1.19,5.02,1.19,1.19
0.74,5.42,0.74,0.74
1.28,4.75,1.28,1.28
1.9,4.56,1.9,1.9
2.29,4.67,2.29,2.29
1.47,4.4,1.47,1.47
2.77,4.41,2.77,2.77
4.52,5.4,4.52,4.52
7.48,6.46,7.48,7.48
10.01,8.44,10.01,10.01
12.33,9.8,12.33,12.33
13.8,9.85,13.8,13.8
14.74,11.38,14.74,14.74
13.91,12.01,13.91,13.91
12.56,11.28,12.56,12.56
12.3,11.48,12.3,12.3
11.19,11.34,11.19,11.19
8.24,9.13,8.24,8.24
7.08,9.57,7.08,7.08
4.92,9.27,4.92,4.92
1.65,7.82,1.65,1.65
1.0,6.8,1.0,1.0
0.25,5.76,0.25,0.25
0.77,4.38,0.77,0.77
0.77,4.08,0.77,0.77
1.0,4.12,1.0,1.0
1.1,4.51,1.1,1.1
-0.97,4.04,-0.97,-0.97
-0.38,4.13,-0.38,-0.38
0.79,4.54,0.79,0.79
0.5,4.67,0.5,0.5
3.11,4.61,3.11,3.11
5.89,5.75,5.89,5.89
8.4,6.67,8.4,8.4
11.05,8.28,11.05,11.05
12.64,8.64,12.64,12.64
14.15,10.69,14.15,14.15
11.02,10.96,11.02,11.02
14.15,11.46,14.15,14.15
13.77,12.82,13.77,13.77
12.27,13.1,12.27,12.27
10.76,11.87,10.76,10.76
7.85,11.67,7.85,7.85
5.38,11.72,5.38,5.38
1.6,9.63,1.6,1.6
1.74,7.19,1.74,1.74
1.89,6.12,1.89,1.89
0.78,5.19,0.78,0.78
0.18,4.05,0.18,0.18
0.28,3.86,0.28,0.28
0.38,3.83,0.38,0.38
0.61,3.3,0.61,0.61
0.66,3.63,0.66,0.66
1.83,4.75,1.83,1.83
1.43,4.34,1.43,1.43
4.62,5.6,4.62,4.62
7.54,6.39,7.54,7.54
10.34,8.5,10.34,10.34
12.12,9.12,12.12,12.12
13.72,9.42,13.72,13.72
15.29,11.32,15.29,15.29
14.72,11.47,14.72,14.72
14.47,12.2,14.47,14.47
14.16,11.95,14.16,14.16
13.5,12.38,13.5,13.5
12.9,11.81,12.9,12.9
10.08,12.5,10.08,10.08
7.36,12.49,7.36,7.36
3.41,11.81,3.41,3.41
3.63,8.4,3.63,3.63
1.56,7.49,1.56,1.56
1.71,6.84,1.71,1.71
3.18,7.07,3.18,3.18
2.72,6.95,2.72,2.72
3.05,6.45,3.05,3.05
2.26,6.56,2.26,2.26
3.4,6.98,3.4,3.4
4.32,6.29,4.32,4.32
3.21,6.32,3.21,3.21
6.08,5.87,6.08,6.08
9.52,6.76,9.52,9.52
12.49,8.06,12.49,12.49
14.99,8.41,14.99,14.99
16.16,9.28,16.16,16.16
16.37,10.86,16.37,16.37
17.48,11.34,17.48,17.48
16.1,11.31,16.1,16.1
15.86,11.73,15.86,15.86
15.07,12.41,15.07,15.07
14.53,12.06,14.53,14.53
11.63,12.47,11.63,11.63
8.67,12.63,8.67,8.67
6.68,11.0,6.68,6.68
5.55,8.44,5.55,5.55
4.85,7.88,4.85,4.85
4.44,7.24,4.44,4.44
5.48,7.52,5.48,5.48
5.29,7.31,5.29,5.29
5.29,7.84,5.29,5.29
4.59,7.11,4.59,4.59
4.77,6.69,4.77,4.77
4.84,7.34,4.84,4.84
5.65,7.46,5.65,5.65
6.3,7.14,6.3,6.3
9.12,8.9,9.12,9.12
12.25,10.21,12.25,12.25
13.78,10.73,13.78,13.78
15.79,10.52,15.79,15.79
16.73,12.79,16.73,16.73
18.65,13.52,18.65,18.65
19.4,13.31,19.4,19.4
17.47,14.26,17.47,17.47
16.26,14.06,16.26,16.26
15.1,11.83,15.1,15.1
11.95,11.67,11.95,11.95
9.54,12.45,9.54,9.54
8.48,11.76,8.48,8.48
8.58,10.89,8.58,8.58
8.02,10.05,8.02,8.02
8.37,9.31,8.37,8.37
7.64,9.25,7.64,7.64
6.82,8.99,6.82,6.82
7.3,9.24,7.3,7.3
7.07,8.61,7.07,7.07
5.41,7.8,5.41,5.41
5.72,7.71,5.72,5.72
6.06,7.7,6.06,6.06
8.23,7.76,8.23,8.23
10.05,8.56,10.05,10.05
13.96,10.87,13.96,13.96
16.73,11.05,16.73,16.73
18.46,10.95,18.46,18.46
19.91,12.43,19.91,19.91
17.01,12.85,17.01,17.01
19.88,13.09,19.88,19.88
18.87,13.98,18.87,18.87
16.82,14.03,16.82,16.82
15.75,12.56,15.75,15.75
12.69,12.72,12.69,12.69
10.57,12.59,10.57,10.57
8.59,12.08,8.59,8.59
8.71,11.07,8.71,8.71
8.48,10.15,8.48,8.48
8.26,9.97,8.26,8.26
8.17,9.59,8.17,8.17
7.94,9.66,7.94,7.94
7.7,9.49,7.7,7.7
7.39,8.53,7.39,7.39
7.5,8.77,7.5,7.5
7.35,7.45,7.35,7.35
6.93,7.99,6.93,6.93
8.84,8.12,8.84,8.84
9.67,8.79,9.67,9.67
11.38,10.22,11.38,11.38
12.51,10.59,12.51,12.51
13.3,11.31,13.3,13.3
14.1,12.2,14.1,14.1
12.44,12.26,12.44,12.44
13.06,12.72,13.06,13.06
12.21,12.38,12.21,12.21
10.79,11.62,10.79,10.79
10.65,10.15,10.65,10.65
9.97,9.71,9.97,9.97
9.32,9.93,9.32,9.32
8.93,9.96,8.93,8.93
8.92,9.38,8.92,8.92
8.81,9.45,8.81,8.81
8.74,9.63,8.74,8.74
8.58,9.57,8.58,8.58
8.49,9.73,8.49,8.49
8.47,9.8,8.47,8.47
8.24,9.39,8.24,8.24
8.27,9.25,8.27,8.27
8.26,8.76,8.26,8.26
8.09,8.87,8.09,8.09
8.69,8.75,8.69,8.69
9.62,8.7,9.62,9.62
9.68,9.8,9.68,9.68
10.46,9.48,10.46,10.46
10.94,9.14,10.94,10.94
11.21,9.94,11.21,11.21
10.73,10.14,10.73,10.73
10.44,9.7,10.44,10.44
10.96,9.82,10.96,10.96
10.39,9.1,10.39,10.39
10.66,9.95,10.66,10.66
10.06,9.61,10.06,10.06
8.86,9.61,8.86,8.86
8.46,9.69,8.46,8.46
8.39,9.54,8.39,8.39
8.2,9.24,8.2,8.2
7.98,9.28,7.98,7.98
7.93,8.8,7.93,7.93
7.87,8.99,7.87,7.87
7.94,9.21,7.94,7.94
7.87,8.78,7.87,7.87
7.76,9.04,7.76,7.76
8.1,8.38,8.1,8.1
7.36,8.94,7.36,7.36
8.63,8.96,8.63,8.63
9.58,9.16,9.58,9.58
10.28,9.9,10.28,10.28
10.77,9.87,10.77,10.77
10.73,10.63,10.73,10.73
12.35,11.54,12.35,12.35
12.62,10.7,12.62,12.62
11.93,10.53,11.93,11.93
11.4,10.63,11.4,11.4
10.99,10.92,10.99,10.99
10.62,10.07,10.62,10.62
10.09,9.81,10.09,10.09
9.22,9.54,9.22,9.22
8.66,10.21,8.66,8.66
8.34,9.85,8.34,8.34
8.65,9.39,8.65,8.65
8.64,9.52,8.64,8.64
8.58,9.28,8.58,8.58
8.45,9.33,8.45,8.45
8.23,9.19,8.23,8.23
8.16,8.93,8.16,8.16
8.14,8.95,8.14,8.14
7.98,9.32,7.98,7.98
6.91,9.23,6.91,6.91
8.61,9.59,8.61,8.61
9.3,9.23,9.3,9.3
10.1,9.84,10.1,10.1
11.45,9.07,11.45,11.45
13.57,9.39,13.57,13.57
12.09,10.24,12.09,12.09
11.14,9.6,11.14,11.14
10.85,10.25,10.85,10.85
12.44,10.13,12.44,12.44
11.55,9.25,11.55,11.55
10.8,10.63,10.8,10.8
9.68,9.25,9.68,9.68
8.48,9.08,8.48,8.48
7.41,9.22,7.41,7.41
7.34,9.06,7.34,7.34
7.61,8.62,7.61,7.61
7.17,8.79,7.17,7.17
7.46,9.1,7.46,7.46
7.02,8.98,7.02,7.02
7.36,9.02,7.36,7.36
6.9,8.96,6.9,6.9
6.79,8.71,6.79,6.79
7.23,7.9,7.23,7.23
6.79,8.24,6.79,6.79
8.37,8.39,8.37,8.37
